-- phpMyAdmin SQL Dump
-- version 5.2.1
-- https://www.phpmyadmin.net/
--
-- Host: 127.0.0.1
-- Generation Time: Nov 21, 2023 at 02:32 AM
-- Server version: 10.4.28-MariaDB
-- PHP Version: 8.2.4

SET SQL_MODE = "NO_AUTO_VALUE_ON_ZERO";
START TRANSACTION;
SET time_zone = "+08:00";


/*!40101 SET @OLD_CHARACTER_SET_CLIENT=@@CHARACTER_SET_CLIENT */;
/*!40101 SET @OLD_CHARACTER_SET_RESULTS=@@CHARACTER_SET_RESULTS */;
/*!40101 SET @OLD_COLLATION_CONNECTION=@@COLLATION_CONNECTION */;
/*!40101 SET NAMES utf8mb4 */;

--
-- Database: `attendancemgmtsys`
--

CREATE DATABASE attendancemgmtsys;
USE attendancemgmtsys;

-- --------------------------------------------------------

--
-- Table structure for table `address`
--

CREATE TABLE `address` (
  `addressID` int(11) NOT NULL,
  `street` varchar(32) NOT NULL,
  `barangay` varchar(32) NOT NULL,
  `postalCode` varchar(32) DEFAULT NULL,
  `city_municipality` varchar(32) NOT NULL,
  `province` varchar(32) NOT NULL
) ENGINE=InnoDB DEFAULT CHARSET=utf8mb4 COLLATE=utf8mb4_general_ci;



-- --------------------------------------------------------

--
-- Table structure for table `daysession`
--

CREATE TABLE `daysession` (
  `sessionID` int(11) NOT NULL,
  `employeeID` int(11) NOT NULL,
  `reasonID` int(11) DEFAULT NULL,
  `timeIn` DATETIME DEFAULT NULL,
  `timeOut` DATETIME DEFAULT NULL,
  `dayStatus` enum('paid_leave','absent','present','non_work','late','inspect','excused','pending') NOT NULL DEFAULT 'pending'
) ENGINE=InnoDB DEFAULT CHARSET=utf8mb4 COLLATE=utf8mb4_general_ci;

-- --------------------------------------------------------

--
-- Table structure for table `employee`
--

CREATE TABLE `employee` (
  `employeeID` int(11) NOT NULL,
  `firstName` varchar(32) NOT NULL,
  `middleName` varchar(32) DEFAULT NULL,
  `lastName` varchar(32) NOT NULL,
  `gender` enum('Male','Female') NOT NULL,
  `civilStatus` enum('Single','Married','Widow','Legally Separated') NOT NULL,
  `addressID` int(11) NOT NULL,
  `birthDate` date NOT NULL,
  `jobPosition` varchar(32) NOT NULL,
  `currentStatus` enum('Fired','Working Employee') NOT NULL DEFAULT 'Working Employee',
  `contactNumber` varchar(16) NOT NULL,
  `email` varchar(128) DEFAULT NULL,
  `biometric` varchar(255) DEFAULT NULL,
  `imageDir` varchar(128) NOT NULL
) ENGINE=InnoDB DEFAULT CHARSET=utf8mb4 COLLATE=utf8mb4_general_ci;



-- --------------------------------------------------------

--
-- Table structure for table `excusereason`
--

CREATE TABLE `excusereason` (
  `reasonID` int(11) NOT NULL,
  `reason` varchar(128) NOT NULL
) ENGINE=InnoDB DEFAULT CHARSET=utf8mb4 COLLATE=utf8mb4_general_ci;

-- --------------------------------------------------------

--
-- Table structure for table `holidays`
--

CREATE TABLE `holidays` (
  `holidaysID` int(11) NOT NULL,
  `holidayName` varchar(32) NOT NULL,
  `holidayDate` date NOT NULL
) ENGINE=InnoDB DEFAULT CHARSET=utf8mb4 COLLATE=utf8mb4_general_ci;

-- --------------------------------------------------------

--
-- Table structure for table `leaves`
--

CREATE TABLE `leaves` (
  `leavesID` int(11) NOT NULL,
  `leaveName` varchar(32) NOT NULL,
  `defaultDays` int(11) NOT NULL
) ENGINE=InnoDB DEFAULT CHARSET=utf8mb4 COLLATE=utf8mb4_general_ci;


CREATE TABLE `leaveDays`(
`leaveDaysID` INT AUTO_INCREMENT PRIMARY KEY,
`leaveID` INT NOT NULL,
`employeeID` INT NOT NULL,
`daysLeft` TINYINT NOT NULL,
`activeYear` DATE NOT NULL
);


-- --------------------------------------------------------

--
-- Table structure for table `logs`
--

CREATE TABLE `logs` (
  `logID` int(11) NOT NULL,
  `generatedBy` int(11) DEFAULT NULL,
  `dateGenerated` DATETIME DEFAULT NOW() NOT NULL,
  `changeDesc` varchar(100) NOT NULL
) ENGINE=InnoDB DEFAULT CHARSET=utf8mb4 COLLATE=utf8mb4_general_ci;

-- --------------------------------------------------------

--
-- Table structure for table `shift`
--

CREATE TABLE `shift` (
  `shiftID` int(11) NOT NULL,
  `employeeID` int(11) NOT NULL,
  `reasonID` int(11) DEFAULT NULL,
  `timeIn` time DEFAULT NULL,
  `timeOut` time DEFAULT NULL,
  `leaveDaysID` int(11) DEFAULT NULL,
  `shiftDate` date NOT NULL
) ENGINE=InnoDB DEFAULT CHARSET=utf8mb4 COLLATE=utf8mb4_general_ci;

-- --------------------------------------------------------

--
-- Table structure for table `user`
--

CREATE TABLE `user` (
  `userID` int(11) NOT NULL,
  `employeeID` int(11) NOT NULL UNIQUE,
  `userPassword` varchar(64) NOT NULL,
  `position` enum('Management','Admin','Suspended') NOT NULL,
  `lastLogin` DATETIME DEFAULT NULL
) ENGINE=InnoDB DEFAULT CHARSET=utf8mb4 COLLATE=utf8mb4_general_ci;

--
-- Indexes for dumped tables
--

--
-- Indexes for table `address`
--
ALTER TABLE `address`
  ADD PRIMARY KEY (`addressID`);

--
-- Indexes for table `daysession`
--
ALTER TABLE `daysession`
  ADD PRIMARY KEY (`sessionID`),
  ADD KEY `fk_session_employeeID` (`employeeID`);

--
-- Indexes for table `employee`
--
ALTER TABLE `employee`
  ADD PRIMARY KEY (`employeeID`),
  ADD KEY `fk_employee_address` (`addressID`),
  ADD UNIQUE (email);

--
-- Indexes for table `excusereason`
--
ALTER TABLE `excusereason`
  ADD PRIMARY KEY (`reasonID`);

--
-- Indexes for table `holidays`
--
ALTER TABLE `holidays`
  ADD PRIMARY KEY (`holidaysID`);

--
-- Indexes for table `leaves`
--
ALTER TABLE `leaves`
  ADD PRIMARY KEY (`leavesID`);

--
-- Indexes for table `logs`
--
ALTER TABLE `logs`
  ADD PRIMARY KEY (`logID`),
  ADD KEY `fk_logs_createdBy` (`generatedBy`) USING BTREE;

--
-- Indexes for table `shift`
--
ALTER TABLE `shift`
  ADD PRIMARY KEY (`shiftID`),
  ADD KEY `fk_shift_employeeID` (`employeeID`) USING BTREE,
  ADD KEY `fk_shift_leaveID` (`leaveDaysID`),
  ADD UNIQUE KEY `employee_shift_date` (`shiftDate`,`employeeID`);

--
-- Indexes for table `user`
--
ALTER TABLE `user`
  ADD PRIMARY KEY (`userID`),
  ADD KEY `fk_user_employeeID` (`employeeID`);

--
-- AUTO_INCREMENT for dumped tables
--

--
-- AUTO_INCREMENT for table `address`
--
ALTER TABLE `address`
  MODIFY `addressID` int(11) NOT NULL AUTO_INCREMENT;

--
-- AUTO_INCREMENT for table `daysession`
--
ALTER TABLE `daysession`
  MODIFY `sessionID` int(11) NOT NULL AUTO_INCREMENT;

--
-- AUTO_INCREMENT for table `employee`
--
ALTER TABLE `employee`
  MODIFY `employeeID` int(11) NOT NULL AUTO_INCREMENT;

--
-- AUTO_INCREMENT for table `excusereason`
--
ALTER TABLE `excusereason`
  MODIFY `reasonID` int(11) NOT NULL AUTO_INCREMENT;

--
-- AUTO_INCREMENT for table `holidays`
--
ALTER TABLE `holidays`
  MODIFY `holidaysID` int(11) NOT NULL AUTO_INCREMENT;

--
-- AUTO_INCREMENT for table `leaves`
--
ALTER TABLE `leaves`
  MODIFY `leavesID` int(11) NOT NULL AUTO_INCREMENT;

--
-- AUTO_INCREMENT for table `logs`
--
ALTER TABLE `logs`
  MODIFY `logID` int(11) NOT NULL AUTO_INCREMENT;

--
-- AUTO_INCREMENT for table `shift`
--
ALTER TABLE `shift`
  MODIFY `shiftID` int(11) NOT NULL AUTO_INCREMENT;

--
-- AUTO_INCREMENT for table `user`
--
ALTER TABLE `user`
  MODIFY `userID` int(11) NOT NULL AUTO_INCREMENT;

--
-- Constraints for dumped tables
--

--
-- Constraints for table `daysession`
--
ALTER TABLE `daysession`
  ADD CONSTRAINT `fk_session_employeeID` FOREIGN KEY (`employeeID`) REFERENCES `employee` (`employeeID`),
  ADD CONSTRAINT `fk_session_reasonID` FOREIGN KEY (`reasonID`) REFERENCES `excusereason` (`reasonID`);

--
-- Constraints for table `employee`
--
ALTER TABLE `employee`
  ADD CONSTRAINT `fk_employee_address` FOREIGN KEY (`addressID`) REFERENCES `address` (`addressID`);

--
-- Constraints for table `excusereason`
--

--
-- Constraints for table `leavesDays`
--

ALTER TABLE `leaveDays`
  ADD CONSTRAINT `fk_leaveDays_leaveID` FOREIGN KEY(`leaveID`) REFERENCES `leaves`(`leavesID`),
  ADD CONSTRAINT `fk_leaveDays_employeeID` FOREIGN KEY(`employeeID`) REFERENCES `employee`(`employeeID`);

--
-- Constraints for table `logs`
--
ALTER TABLE `logs`
  ADD CONSTRAINT `fk_logs_generatedBy` FOREIGN KEY (`generatedBy`) REFERENCES `user` (`userID`);

--
-- Constraints for table `shift`
--
ALTER TABLE `shift`
  ADD CONSTRAINT `fk_shift_employeeID` FOREIGN KEY (`employeeID`) REFERENCES `employee` (`employeeID`),
  ADD CONSTRAINT `fk_shift_leaveDaysID` FOREIGN KEY (`leaveDaysID`) REFERENCES `leaveDays` (`leaveDaysID`),
  ADD CONSTRAINT `fk_shift_reasonID` FOREIGN KEY (`reasonID`) REFERENCES `excusereason` (`reasonID`);

--
-- Constraints for table `user`
--
ALTER TABLE `user`
  ADD CONSTRAINT `fk_user_employeeID` FOREIGN KEY (`employeeID`) REFERENCES `employee` (`employeeID`);
COMMIT;

/*!40101 SET CHARACTER_SET_CLIENT=@OLD_CHARACTER_SET_CLIENT */;
/*!40101 SET CHARACTER_SET_RESULTS=@OLD_CHARACTER_SET_RESULTS */;
/*!40101 SET COLLATION_CONNECTION=@OLD_COLLATION_CONNECTION */;

-- all the inserts in the sql 

INSERT INTO `address` (street, barangay, city_municipality, province) VALUES
('Grove','Tarmac','Mandaue','Cebu'),
('Leaf','Palpa','Minglanilla','Cebu'),
('Tintay','Merkado','Bogo','Cebu'),
('Dimasalang Street', 'Kamputhaw', 'Mandaue', 'Cebu'),
('M. J. Cuenco Avenue', 'Duljo Fatima', 'Bantayan', 'Cebu'),
('Dimasalang Street', 'Guadalupe', 'Carcar City', 'Cebu'),
('Noli Me Tangere Street', 'Pit-os', 'Bantayan', 'Cebu'),
('Noli Me Tangere Street', 'Guadalupe', 'Cebu City', 'Cebu'),
('S. D. Tecson Street', 'Luz', 'Toledo City', 'Cebu'),
('M. J. Cuenco Avenue', 'Pit-os', 'Carcar City', 'Cebu'),
('S. D. Tecson Street', 'Adlaon', 'Cebu City', 'Cebu'),
('P. Del Rosario Street', 'Duljo Fatima', 'Cebu City', 'Cebu'),
('A. Soriano Jr Avenue', 'Luz', 'Mandaue', 'Cebu'),
('P. Del Rosario Street', 'Guadalupe', 'Lapu-Lapu City', 'Cebu'),
('S. D. Tecson Street', 'Luz', 'Lapu-Lapu City', 'Cebu'),
('M. J. Cuenco Avenue', 'Pit-os', 'Mandaue', 'Cebu'),
('Dimasalang Street', 'Luz', 'Carcar City', 'Cebu'),
('P. Del Rosario Street', 'Pit-os', 'Mandaue', 'Cebu'),
('Noli Me Tangere Street', 'Kamputhaw', 'Mandaue', 'Cebu'),
('P. Del Rosario Street', 'Pit-os', 'Lapu-Lapu City', 'Cebu'),
('S. D. Tecson Street', 'Luz', 'Toledo City', 'Cebu'),
('A. Soriano Jr Avenue', 'Duljo Fatima', 'Lapu-Lapu City', 'Cebu'),
('A. Soriano Jr Avenue', 'Busay', 'Cebu City', 'Cebu'),
('P. Del Rosario Street', 'Busay', 'Toledo City', 'Cebu'),
('P. Del Rosario Street', 'Guadalupe', 'Bantayan', 'Cebu'),
('S. D. Tecson Street', 'Pit-os', 'Toledo City', 'Cebu'),
('P. Del Rosario Street', 'Pit-os', 'Cebu City', 'Cebu'),
('S. D. Tecson Street', 'Busay', 'Carcar City', 'Cebu'),
('A. Soriano Jr Avenue', 'Busay', 'Toledo City', 'Cebu'),
('S. D. Tecson Street', 'Guadalupe', 'Mandaue', 'Cebu'),
('Dimasalang Street', 'Kamputhaw', 'Toledo City', 'Cebu'),
('Noli Me Tangere Street', 'Busay', 'Toledo City', 'Cebu'),
('M. J. Cuenco Avenue', 'Adlaon', 'Toledo City', 'Cebu'),
('Dimasalang Street', 'Pit-os', 'Toledo City', 'Cebu'),
('P. Del Rosario Street', 'Kamputhaw', 'Lapu-Lapu City', 'Cebu'),
('Dimasalang Street', 'Kamputhaw', 'Cebu City', 'Cebu'),
('S. D. Tecson Street', 'Kamputhaw', 'Cebu City', 'Cebu'),
('Dimasalang Street', 'Adlaon', 'Mandaue', 'Cebu'),
('A. Soriano Jr Avenue', 'Kamputhaw', 'Bantayan', 'Cebu'),
('Dimasalang Street', 'Adlaon', 'Mandaue', 'Cebu'),
('P. Del Rosario Street', 'Guadalupe', 'Mandaue', 'Cebu'),
 ('A. Soriano Jr Avenue', 'Guadalupe', 'Carcar City', 'Cebu'),
 ('P. Del Rosario Street', 'Pit-os', 'Mandaue', 'Cebu'),
 ('S. D. Tecson Street', 'Adlaon', 'Toledo City', 'Cebu'),
 ('M. J. Cuenco Avenue', 'Guadalupe', 'Cebu City', 'Cebu'),
 ('P. Del Rosario Street', 'Duljo Fatima', 'Lapu-Lapu City', 'Cebu'),
 ('M. J. Cuenco Avenue', 'Guadalupe', 'Toledo City', 'Cebu'),
 ('Noli Me Tangere Street', 'Adlaon', 'Carcar City', 'Cebu'),
 ('P. Del Rosario Street', 'Kamputhaw', 'Carcar City', 'Cebu'),
 ('Noli Me Tangere Street', 'Duljo Fatima', 'Bantayan', 'Cebu'),
 ('Dimasalang Street', 'Guadalupe', 'Carcar City', 'Cebu'),
 ('A. Soriano Jr Avenue', 'Duljo Fatima', 'Bantayan', 'Cebu'),
 ('Dimasalang Street', 'Kamputhaw', 'Mandaue', 'Cebu');

INSERT INTO `employee` (firstName,middleName,lastName,gender,civilStatus,addressID,birthDate,jobPosition,currentStatus,contactNumber,email,imageDir) VALUES
('Joselito','Loser','Yap','Male','Single','1','2003-11-28','Janitor',"Working Employee",'01234567890','joselito@gmail.com','1_Employee.png'),
('Lance','Big','Ramoose','Male','Legally Separated','2','2003-09-06','Janitor', "Working Employee",'01234567891','lance@gmail.com','2_Employee.png'),
('Simon','Something','Montana','Male','Widowed','3','2003-9-28','Janitor',"Working Employee",'01234567892','simon@gmail.com','3_Employee.png'),
('Jocko', 'Anton', 'Yukhnov', 'Male', 'Legally Separated', '4', '1975-01-29', 'Human Resources', 'Fired', '2114345834', 'jyukhnov0@yelp.com','4_Employee.png'),
('Alisha', 'Ana', 'Goodredge', 'Female', 'Legally Separated', '5', '1971-06-19', 'Plant Factory Worker', 'Working Employee', '3554763618', 'agoodredge1@imageshack.us','5_Employee.png'),
('Wat', 'Quin', 'Harrild', 'Male', 'Single', '6', '1977-10-29', 'Inventory Clerk', 'Working Employee', '4522753171', 'wharrild2@hubpages.com','6_Employee.png'),
('Roseanna', 'Norman', 'Doyley', 'Female', 'Widow', '7', '1996-04-30', 'Finance', 'Working Employee', '9104500575', 'rdoyley3@cbslocal.com','7_Employee.png'),
('Bertrand', 'Xelos', 'Trask', 'Male', 'Single', '8', '1997-08-28', 'Plant Factory Worker', 'Working Employee', '9457945033', 'btrask4@guardian.co.uk','8_Employee.png'),
('Paule', 'Sandra', 'Steggles', 'Female', 'Legally Separated','9', '1987-08-19', 'Finance', 'Working Employee', '7252805601', 'psteggles5@issuu.com','9_Employee.png'),
('Sampson', 'Xinson', 'Breckon', 'Male', 'Legally Separated', '10', '1999-08-31', 'Factory Worker', 'Fired', '7643244269', 'sbreckon6@networkadvertising.org','10_Employee.png'),
('Corilla', 'T', 'Point', 'Female', 'Widow', '11', '1992-02-14', 'Driver', 'Working Employee', '6024092682', 'cpoint7@gravatar.com','11_Employee.png'),
('Melba', 'N', 'Montes', 'Female', 'Single', '12', '1996-02-29', 'Plant Factory Worker', 'Fired', '1855290060', 'mmontes8@linkedin.com','12_Employee.png'),
('Retha', 'C', 'Hatton', 'Female', 'Legally Separated', '13', '1993-05-09', 'Plant Factory Worker', 'Working Employee', '8915517419', 'rhatton9@virginia.edu','13_Employee.png'),
('Gauthier', 'E', 'Fozard', 'Male', 'Legally Separated', '14', '1978-09-10', 'Finance', 'Fired', '4438972484', 'gfozarda@skyrock.com','14_Employee.png'),
('Tedd', 'E', 'Heinsen', 'Male', 'Married', '15', '1984-12-13', 'Plant Factory Worker', 'Working Employee', '7145952457', 'theinsenb@rambler.ru','15_Employee.png'),
('Julissa', 'R', 'Penhalewick', 'Female', 'Single', '16', '1989-12-17', 'Plant Factory Worker', 'Working Employee', '9426023026', 'jpenhalewickc@bing.com','16_Employee.png'),
('Rozanna', 'Y', 'Smidmoor', 'Female', 'Widow', '17', '1990-12-28', 'Plant Factory Worker', 'Working Employee', '9371704764', 'rsmidmoord@about.com','17_Employee.png'),
('Barthel', 'L', 'McMorran', 'Male', 'Single', '18', '1986-08-28', 'Factory Worker', 'Working Employee', '1516465520', 'bmcmorrane@t.co','18_Employee.png'),
('Jacquelyn', 'B', 'Dawson', 'Female', 'Widow', '19', '1994-10-24', 'Plant Factory Worker', 'Working Employee', '8413350635', 'jdawsonf@plala.or.jp','19_Employee.png'),
('Jacob', 'M', 'Di Biagi', 'Male', 'Single', '20', '1990-10-14', 'Factory Worker', 'Working Employee', '7419463996', 'jdibiagig@bloglines.com','20_Employee.png'),
('Dietrich', 'U', 'Coe', 'Male', 'Legally Separated', '21', '1990-11-22', 'Plant Factory Worker', 'Working Employee', '3895217039', 'dcoeh@prlog.org','21_Employee.png'),
('Marylou', 'J', 'Cock', 'Bigender', 'Single', '22', '1993-01-17', 'Plant Factory Worker', 'Working Employee', '1707491623', 'mcocki@purevolume.com','22_Employee.png'),
('Eldin', 'Y', 'Menure', 'Male', 'Single', '23', '2000-08-25', 'Factory Worker', 'Working Employee', '6031696567', 'emenurej@dmoz.org','23_Employee.png'),
('Hilliard', 'Y', 'Lough', 'Bigender', 'Single', '24', '1979-05-29', 'Plant Factory Worker', 'Fired', '7994705352', 'hloughk@themeforest.net','24_Employee.png'),
('Windy', 'O', 'Littleproud', 'Female', 'Married', '25', '1992-05-16', 'Factory Worker', 'Fired', '1666108626', 'wlittleproudl@newyorker.com','25_Employee.png'),
('Jamey', 'V', 'Mousdall', 'Male', 'Single', '26', '2000-05-11', 'Plant Factory Worker', 'Working Employee', '8718641497', 'jmousdallm@boston.com','26_Employee.png'),
('Gene', 'V', 'Barnwille', 'Male', 'Widow', '27', '1982-11-15', 'Plant Factory Worker', 'Working Employee', '4101051922', 'gbarnwillen@storify.com','27_Employee.png'),
('Gilligan', 'C', 'Trickett', 'Female', 'Married', '28', '1999-01-20', 'Factory Worker', 'Working Employee', '9303975403', 'gtricketto@tinyurl.com','28_Employee.png'),
('Margette', 'W', 'Petrowsky', 'Female', 'Married', '29', '1978-08-15', 'Inventory Clerk', 'Working Employee', '5722454936', 'mpetrowskyp@bigcartel.com','29_Employee.png'),
('Cobby', 'G', 'McGee', 'Male', 'Married', '30', '1978-05-27', 'Plant Factory Worker', 'Working Employee', '6537558085', 'cmcgeeq@wisc.edu','30_Employee.png'),
('Alica', 'K', 'Beecroft', 'Female', 'Legally Separated', '31', '1995-08-08', 'Factory Worker', 'Working Employee', '4938784349', 'abeecroftr@google.com.au','31_Employee.png'),
('Susanetta', 'D', 'Whooley', 'Female', 'Married', '32', '1976-06-03', 'Factory Worker', 'Working Employee', '6774669186', 'swhooleys@wikispaces.com','32_Employee.png'),
('Farlee', 'L', 'Greser', 'Male', 'Legally Separated', '33', '1998-07-01', 'Factory Worker', 'Fired', '4136288611', 'fgresert@vinaora.com','33_Employee.png'),
('Atlante', 'E', 'Avesque', 'Female', 'Legally Separated', '34', '1999-11-01', 'Driver', 'Working Employee', '1859335872', 'aavesqueu@stanford.edu','34_Employee.png'),
('Riobard', 'H', 'Kirsche', 'Male', 'Single', '35', '1978-12-16', 'Human Resources', 'Fired', '1112685185', 'rkirschev@google.it','35_Employee.png'),
('Wyatan', 'L', 'Freed', 'Genderfluid', 'Widow', '36', '1974-03-15', 'Driver', 'Fired', '4348446673', 'wfreedw@behance.net','36_Employee.png'),
('Shurlock', 'F', 'Wollard', 'Male', 'Legally Separated', '37', '1980-06-06', 'Factory Worker', 'Working Employee', '4229122308', 'swollardx@deliciousdays.com','37_Employee.png'),
('Kessia', 'H', 'Geerdts', 'Female', 'Married', '38', '1971-04-11', 'Factory Worker', 'Fired', '7138558275', 'kgeerdtsy@boston.com','38_Employee.png'),
('Sheila', 'K', 'Santon', 'Female', 'Single', '39', '1977-11-13', 'Plant Factory Worker', 'Fired', '8323338316', 'ssantonz@google.es','39_Employee.png'),
('Erek', 'P', 'Lauks', 'Male', 'Married', '40', '1982-04-11', 'Factory Worker', 'Working Employee', '2189868855', 'elauks10@usnews.com','40_Employee.png'),
('Bonnee', 'V', 'Cubbinelli', 'Female', 'Married', '41', '1987-04-19', 'Plant Factory Worker', 'Fired', '9965636793', 'bcubbinelli11@vk.com','41_Employee.png'),
('Cornela', 'L', 'Fillon', 'Female', 'Widow', '42', '2000-01-18', 'Plant Factory Worker', 'Working Employee', '4974230511', 'cfillon12@fema.gov','42_Employee.png'),
('Ebonee', 'K', 'Bewfield', 'Female', 'Married', '43', '1979-10-13', 'Driver', 'Working Employee', '6136451675', 'ebewfield13@cdbaby.com','43_Employee.png'),
('Marsh', 'S', 'Freebury', 'Male', 'Widow', '44', '1979-03-26', 'Factory Worker', 'Working Employee', '3554901166', 'mfreebury14@de.vu','44_Employee.png'),
('Aline', 'B', 'Pavelin', 'Female', 'Widow', '45', '1994-02-06', 'Plant Factory Worker', 'Working Employee', '8345291031', 'apavelin15@icq.com','45_Employee.png'),
('Marisa', 'I', 'Massot', 'Female', 'Married', '46', '1982-07-04', 'Driver', 'Working Employee', '2773442888', 'mmassot16@woothemes.com','46_Employee.png'),
('Herman', 'C', 'Courtonne', 'Male', 'Legally Separated', '47', '1979-05-04', 'Driver', 'Working Employee', '5199308377', 'hcourtonne17@tmall.com','47_Employee.png'),
('Agnes', 'P', 'Mimmack', 'Female', 'Married', '48', '1973-07-20', 'Plant Factory Worker', 'Working Employee', '6687623296', 'amimmack18@discuz.net','48_Employee.png'),
('Leigha', 'M', 'Knapton', 'Female', 'Single', '49', '1987-05-16', 'Factory Worker', 'Working Employee', '7525916977', 'lknapton19@bbb.org','49_Employee.png'),
('Jdavie', 'P', 'Witt', 'Male', 'Married', '50', '1996-07-13', 'Finance', 'Fired', '3239584592', 'jwitt1a@issuu.com','50_Employee.png'),
('Yard', 'T', 'Courtman', 'Male', 'Legally Separated', '51', '1979-11-19', 'Plant Factory Worker', 'Working Employee', '9992462160', 'ycourtman1b@chron.com','51_Employee.png'),
('Tommie', 'G', 'Bartrap', 'Male', 'Widow', '52', '1988-03-21', 'Plant Factory Worker', 'Working Employee', '2914312975', 'tbartrap1c@clickbank.net','52_Employee.png'),
('Elia', 'V', 'Nowak', 'Male', 'Widow', '53', '1978-02-06', 'Driver', 'Working Employee', '1436292952', 'enowak1d@feedburner.com','53_Employee.png');
INSERT INTO `holidays` (holidayName,holidayDate) VALUES
('Bonifacio Day','2023-11-27'),
("All Saints' Day",'2023-11-1'),
("All Souls' Day", '2023-11-2'),
("New Years Day", '2024-1-1'),
("Labor Day", '2024-5-1'),
("Independence Day", '2024-6-12'),
("Rizal Day",'2023-12-30'),
("Christmas Day",'2023-12-25') 
;
INSERT INTO `user` (`employeeID`,`userPassword`,`position`) VALUES (2,'$2b$10$tZqKpuCvFZIAnZbzGaf2M.wi0nrImMm2RiSBCkmDPfaje7ZhzNQGG','Admin');
INSERT INTO `leaves` (`leavesID`, `leaveName`,`defaultDays`) VALUES
(1, 'Sick Leave',5),
(2, 'Maternal Leave',105),
(3, 'Paternity Leave',7),
(4, 'Parental Leave',7),
(5, 'Special Leave for Women',62),
(6, 'Victims of Violence Leave',10),
(7, 'Bereavement Leave',5),
(8, 'Vacation Leave',5);
INSERT INTO `leavedays` (`leaveDaysID`, `leaveID`, `employeeID`, `daysLeft`, `activeYear`) VALUES
(1, 1, 2, 5, '2023-12-06'),
(2, 2, 2, 105, '2023-12-06'),
(3, 3, 2, 7, '2023-12-06'),
(4, 4, 2, 7, '2023-12-06'),
(5, 5, 2, 62, '2023-12-06'),
(6, 6, 2, 10, '2023-12-06'),
(7, 7, 2, 5, '2023-12-06'),
(8, 8, 2, 5, '2023-12-06'),
(9, 1, 12, 5, '2023-12-06'),
(10, 2, 12, 105, '2023-12-06'),
(11, 3, 12, 7, '2023-12-06'),
(12, 4, 12, 7, '2023-12-06'),
(13, 5, 12, 62, '2023-12-06'),
(14, 6, 12, 10, '2023-12-06'),
(15, 7, 12, 5, '2023-12-06'),
(16, 8, 12, 5, '2023-12-06'),
(17, 1, 11, 5, '2023-12-06'),
(18, 2, 11, 105, '2023-12-06'),
(19, 3, 11, 7, '2023-12-06'),
(20, 4, 11, 7, '2023-12-06'),
(21, 5, 11, 62, '2023-12-06'),
(22, 6, 11, 10, '2023-12-06'),
(23, 7, 11, 5, '2023-12-06'),
(24, 8, 11, 5, '2023-12-06'),
(25, 1, 4, 5, '2023-12-06'),
(26, 2, 4, 105, '2023-12-06'),
(27, 3, 4, 7, '2023-12-06'),
(28, 4, 4, 7, '2023-12-06'),
(29, 5, 4, 62, '2023-12-06'),
(30, 6, 4, 10, '2023-12-06'),
(31, 7, 4, 5, '2023-12-06'),
(32, 8, 4, 5, '2023-12-06'),
(33, 1, 6, 5, '2023-12-06'),
(34, 2, 6, 105, '2023-12-06'),
(35, 3, 6, 7, '2023-12-06'),
(36, 4, 6, 7, '2023-12-06'),
(37, 5, 6, 62, '2023-12-06'),
(38, 6, 6, 10, '2023-12-06'),
(39, 7, 6, 5, '2023-12-06'),
(40, 8, 6, 5, '2023-12-06'),
(41, 1, 13, 5, '2023-12-06'),
(42, 2, 13, 105, '2023-12-06'),
(43, 3, 13, 7, '2023-12-06'),
(44, 4, 13, 7, '2023-12-06'),
(45, 5, 13, 62, '2023-12-06'),
(46, 6, 13, 10, '2023-12-06'),
(47, 7, 13, 5, '2023-12-06'),
(48, 8, 13, 5, '2023-12-06'),
(49, 1, 14, 5, '2023-12-06'),
(50, 2, 14, 105, '2023-12-06'),
(51, 3, 14, 7, '2023-12-06'),
(52, 4, 14, 7, '2023-12-06'),
(53, 5, 14, 62, '2023-12-06'),
(54, 6, 14, 10, '2023-12-06'),
(55, 7, 14, 5, '2023-12-06'),
(56, 8, 14, 5, '2023-12-06'),
(57, 1, 15, 5, '2023-12-06'),
(58, 2, 15, 105, '2023-12-06'),
(59, 3, 15, 7, '2023-12-06'),
(60, 4, 15, 7, '2023-12-06'),
(61, 5, 15, 62, '2023-12-06'),
(62, 6, 15, 10, '2023-12-06'),
(63, 7, 15, 5, '2023-12-06'),
(64, 8, 15, 5, '2023-12-06'),
(65, 1, 16, 5, '2023-12-06'),
(66, 2, 16, 105, '2023-12-06'),
(67, 3, 16, 7, '2023-12-06'),
(68, 4, 16, 7, '2023-12-06'),
(69, 5, 16, 62, '2023-12-06'),
(70, 6, 16, 10, '2023-12-06'),
(71, 7, 16, 5, '2023-12-06'),
(72, 8, 16, 5, '2023-12-06'),
(73, 1, 17, 5, '2023-12-06'),
(74, 2, 17, 105, '2023-12-06'),
(75, 3, 17, 7, '2023-12-06'),
(76, 4, 17, 7, '2023-12-06'),
(77, 5, 17, 62, '2023-12-06'),
(78, 6, 17, 10, '2023-12-06'),
(79, 7, 17, 5, '2023-12-06'),
(80, 8, 17, 5, '2023-12-06'),
(81, 1, 18, 5, '2023-12-06'),
(82, 2, 18, 105, '2023-12-06'),
(83, 3, 18, 7, '2023-12-06'),
(84, 4, 18, 7, '2023-12-06'),
(85, 5, 18, 62, '2023-12-06'),
(86, 6, 18, 10, '2023-12-06'),
(87, 7, 18, 5, '2023-12-06'),
(88, 8, 18, 5, '2023-12-06'),
(89, 1, 20, 5, '2023-12-06'),
(90, 2, 20, 105, '2023-12-06'),
(91, 3, 20, 7, '2023-12-06'),
(92, 4, 20, 7, '2023-12-06'),
(93, 5, 20, 62, '2023-12-06'),
(94, 6, 20, 10, '2023-12-06'),
(95, 7, 20, 5, '2023-12-06'),
(96, 8, 20, 5, '2023-12-06'),
(97, 1, 23, 5, '2023-12-06'),
(98, 2, 23, 105, '2023-12-06'),
(99, 3, 23, 7, '2023-12-06'),
(100, 4, 23, 7, '2023-12-06'),
(101, 5, 23, 62, '2023-12-06'),
(102, 6, 23, 10, '2023-12-06'),
(103, 7, 23, 5, '2023-12-06'),
(104, 8, 23, 5, '2023-12-06'),
(105, 1, 21, 5, '2023-12-06'),
(106, 2, 21, 105, '2023-12-06'),
(107, 3, 21, 7, '2023-12-06'),
(108, 4, 21, 7, '2023-12-06'),
(109, 5, 21, 62, '2023-12-06'),
(110, 6, 21, 10, '2023-12-06'),
(111, 7, 21, 5, '2023-12-06'),
(112, 8, 21, 5, '2023-12-06'),
(113, 1, 3, 5, '2023-12-06'),
(114, 2, 3, 105, '2023-12-06'),
(115, 3, 3, 7, '2023-12-06'),
(116, 4, 3, 7, '2023-12-06'),
(117, 5, 3, 62, '2023-12-06'),
(118, 6, 3, 10, '2023-12-06'),
(119, 7, 3, 5, '2023-12-06'),
(120, 8, 3, 5, '2023-12-06'),
(121, 1, 19, 5, '2023-12-06'),
(122, 2, 19, 105, '2023-12-06'),
(123, 3, 19, 7, '2023-12-06'),
(124, 4, 19, 7, '2023-12-06'),
(125, 5, 19, 62, '2023-12-06'),
(126, 6, 19, 10, '2023-12-06'),
(127, 7, 19, 5, '2023-12-06'),
(128, 8, 19, 5, '2023-12-06'),
(129, 1, 25, 5, '2023-12-06'),
(130, 2, 25, 105, '2023-12-06'),
(131, 3, 25, 7, '2023-12-06'),
(132, 4, 25, 7, '2023-12-06'),
(133, 5, 25, 62, '2023-12-06'),
(134, 6, 25, 10, '2023-12-06'),
(135, 7, 25, 5, '2023-12-06'),
(136, 8, 25, 5, '2023-12-06'),
(137, 1, 27, 5, '2023-12-06'),
(138, 2, 27, 105, '2023-12-06'),
(139, 3, 27, 7, '2023-12-06'),
(140, 4, 27, 7, '2023-12-06'),
(141, 5, 27, 62, '2023-12-06'),
(142, 6, 27, 10, '2023-12-06'),
(143, 7, 27, 5, '2023-12-06'),
(144, 8, 27, 5, '2023-12-06'),
(145, 1, 29, 5, '2023-12-06'),
(146, 2, 29, 105, '2023-12-06'),
(147, 3, 29, 7, '2023-12-06'),
(148, 4, 29, 7, '2023-12-06'),
(149, 5, 29, 62, '2023-12-06'),
(150, 6, 29, 10, '2023-12-06'),
(151, 7, 29, 5, '2023-12-06'),
(152, 8, 29, 5, '2023-12-06'),
(153, 1, 28, 5, '2023-12-06'),
(154, 2, 28, 105, '2023-12-06'),
(155, 3, 28, 7, '2023-12-06'),
(156, 4, 28, 7, '2023-12-06'),
(157, 5, 28, 62, '2023-12-06'),
(158, 6, 28, 10, '2023-12-06'),
(159, 7, 28, 5, '2023-12-06'),
(160, 8, 28, 5, '2023-12-06'),
(161, 1, 26, 5, '2023-12-06'),
(162, 2, 26, 105, '2023-12-06'),
(163, 3, 26, 7, '2023-12-06'),
(164, 4, 26, 7, '2023-12-06'),
(165, 5, 26, 62, '2023-12-06'),
(166, 6, 26, 10, '2023-12-06'),
(167, 7, 26, 5, '2023-12-06'),
(168, 8, 26, 5, '2023-12-06'),
(169, 1, 24, 5, '2023-12-06'),
(170, 2, 24, 105, '2023-12-06'),
(171, 3, 24, 7, '2023-12-06'),
(172, 4, 24, 7, '2023-12-06'),
(173, 5, 24, 62, '2023-12-06'),
(174, 6, 24, 10, '2023-12-06'),
(175, 7, 24, 5, '2023-12-06'),
(176, 8, 24, 5, '2023-12-06'),
(177, 1, 7, 5, '2023-12-06'),
(178, 2, 7, 105, '2023-12-06'),
(179, 3, 7, 7, '2023-12-06'),
(180, 4, 7, 7, '2023-12-06'),
(181, 5, 7, 62, '2023-12-06'),
(182, 6, 7, 10, '2023-12-06'),
(183, 7, 7, 5, '2023-12-06'),
(184, 8, 7, 5, '2023-12-06'),
(185, 1, 1, 5, '2023-12-06'),
(186, 2, 1, 105, '2023-12-06'),
(187, 3, 1, 7, '2023-12-06'),
(188, 4, 1, 7, '2023-12-06'),
(189, 5, 1, 62, '2023-12-06'),
(190, 6, 1, 10, '2023-12-06'),
(191, 7, 1, 5, '2023-12-06'),
(192, 8, 1, 5, '2023-12-06'),
(193, 1, 5, 5, '2023-12-06'),
(194, 2, 5, 105, '2023-12-06'),
(195, 3, 5, 7, '2023-12-06'),
(196, 4, 5, 7, '2023-12-06'),
(197, 5, 5, 62, '2023-12-06'),
(198, 6, 5, 10, '2023-12-06'),
(199, 7, 5, 5, '2023-12-06'),
(200, 8, 5, 5, '2023-12-06'),
(201, 1, 22, 5, '2023-12-06'),
(202, 2, 22, 105, '2023-12-06'),
(203, 3, 22, 7, '2023-12-06'),
(204, 4, 22, 7, '2023-12-06'),
(205, 5, 22, 62, '2023-12-06'),
(206, 6, 22, 10, '2023-12-06'),
(207, 7, 22, 5, '2023-12-06'),
(208, 8, 22, 5, '2023-12-06'),
(209, 1, 9, 5, '2023-12-06'),
(210, 2, 9, 105, '2023-12-06'),
(211, 3, 9, 7, '2023-12-06'),
(212, 4, 9, 7, '2023-12-06'),
(213, 5, 9, 62, '2023-12-06'),
(214, 6, 9, 10, '2023-12-06'),
(215, 7, 9, 5, '2023-12-06'),
(216, 8, 9, 5, '2023-12-06'),
(217, 1, 32, 5, '2023-12-06'),
(218, 2, 32, 105, '2023-12-06'),
(219, 3, 32, 7, '2023-12-06'),
(220, 4, 32, 7, '2023-12-06'),
(221, 5, 32, 62, '2023-12-06'),
(222, 6, 32, 10, '2023-12-06'),
(223, 7, 32, 5, '2023-12-06'),
(224, 8, 32, 5, '2023-12-06'),
(225, 1, 30, 5, '2023-12-06'),
(226, 2, 30, 105, '2023-12-06'),
(227, 3, 30, 7, '2023-12-06'),
(228, 4, 30, 7, '2023-12-06'),
(229, 5, 30, 62, '2023-12-06'),
(230, 6, 30, 10, '2023-12-06'),
(231, 7, 30, 5, '2023-12-06'),
(232, 8, 30, 5, '2023-12-06'),
(233, 1, 10, 5, '2023-12-06'),
(234, 2, 10, 105, '2023-12-06'),
(235, 3, 10, 7, '2023-12-06'),
(236, 4, 10, 7, '2023-12-06'),
(237, 5, 10, 62, '2023-12-06'),
(238, 6, 10, 10, '2023-12-06'),
(239, 7, 10, 5, '2023-12-06'),
(240, 8, 10, 5, '2023-12-06'),
(241, 1, 37, 5, '2023-12-06'),
(242, 2, 37, 105, '2023-12-06'),
(243, 3, 37, 7, '2023-12-06'),
(244, 4, 37, 7, '2023-12-06'),
(245, 5, 37, 62, '2023-12-06'),
(246, 6, 37, 10, '2023-12-06'),
(247, 7, 37, 5, '2023-12-06'),
(248, 8, 37, 5, '2023-12-06'),
(249, 1, 31, 5, '2023-12-06'),
(250, 2, 31, 105, '2023-12-06'),
(251, 3, 31, 7, '2023-12-06'),
(252, 4, 31, 7, '2023-12-06'),
(253, 5, 31, 62, '2023-12-06'),
(254, 6, 31, 10, '2023-12-06'),
(255, 7, 31, 5, '2023-12-06'),
(256, 8, 31, 5, '2023-12-06'),
(257, 1, 8, 5, '2023-12-06'),
(258, 2, 8, 105, '2023-12-06'),
(259, 3, 8, 7, '2023-12-06'),
(260, 4, 8, 7, '2023-12-06'),
(261, 5, 8, 62, '2023-12-06'),
(262, 6, 8, 10, '2023-12-06'),
(263, 7, 8, 5, '2023-12-06'),
(264, 8, 8, 5, '2023-12-06'),
(265, 1, 33, 5, '2023-12-06'),
(266, 2, 33, 105, '2023-12-06'),
(267, 3, 33, 7, '2023-12-06'),
(268, 4, 33, 7, '2023-12-06'),
(269, 5, 33, 62, '2023-12-06'),
(270, 6, 33, 10, '2023-12-06'),
(271, 7, 33, 5, '2023-12-06'),
(272, 8, 33, 5, '2023-12-06'),
(273, 1, 34, 5, '2023-12-06'),
(274, 2, 34, 105, '2023-12-06'),
(275, 3, 34, 7, '2023-12-06'),
(276, 4, 34, 7, '2023-12-06'),
(277, 5, 34, 62, '2023-12-06'),
(278, 6, 34, 10, '2023-12-06'),
(279, 7, 34, 5, '2023-12-06'),
(280, 8, 34, 5, '2023-12-06'),
(281, 1, 35, 5, '2023-12-06'),
(282, 2, 35, 105, '2023-12-06'),
(283, 3, 35, 7, '2023-12-06'),
(284, 4, 35, 7, '2023-12-06'),
(285, 5, 35, 62, '2023-12-06'),
(286, 6, 35, 10, '2023-12-06'),
(287, 7, 35, 5, '2023-12-06'),
(288, 8, 35, 5, '2023-12-06'),
(289, 1, 41, 5, '2023-12-06'),
(290, 2, 41, 105, '2023-12-06'),
(291, 3, 41, 7, '2023-12-06'),
(292, 4, 41, 7, '2023-12-06'),
(293, 5, 41, 62, '2023-12-06'),
(294, 6, 41, 10, '2023-12-06'),
(295, 7, 41, 5, '2023-12-06'),
(296, 8, 41, 5, '2023-12-06'),
(297, 1, 36, 5, '2023-12-06'),
(298, 2, 36, 105, '2023-12-06'),
(299, 3, 36, 7, '2023-12-06'),
(300, 4, 36, 7, '2023-12-06'),
(301, 5, 36, 62, '2023-12-06'),
(302, 6, 36, 10, '2023-12-06'),
(303, 7, 36, 5, '2023-12-06'),
(304, 8, 36, 5, '2023-12-06'),
(305, 1, 40, 5, '2023-12-06'),
(306, 2, 40, 105, '2023-12-06'),
(307, 3, 40, 7, '2023-12-06'),
(308, 4, 40, 7, '2023-12-06'),
(309, 5, 40, 62, '2023-12-06'),
(310, 6, 40, 10, '2023-12-06'),
(311, 7, 40, 5, '2023-12-06'),
(312, 8, 40, 5, '2023-12-06'),
(313, 1, 38, 5, '2023-12-06'),
(314, 2, 38, 105, '2023-12-06'),
(315, 3, 38, 7, '2023-12-06'),
(316, 4, 38, 7, '2023-12-06'),
(317, 5, 38, 62, '2023-12-06'),
(318, 6, 38, 10, '2023-12-06'),
(319, 7, 38, 5, '2023-12-06'),
(320, 8, 38, 5, '2023-12-06'),
(321, 1, 44, 5, '2023-12-06'),
(322, 2, 44, 105, '2023-12-06'),
(323, 3, 44, 7, '2023-12-06'),
(324, 4, 44, 7, '2023-12-06'),
(325, 5, 44, 62, '2023-12-06'),
(326, 6, 44, 10, '2023-12-06'),
(327, 7, 44, 5, '2023-12-06'),
(328, 8, 44, 5, '2023-12-06'),
(329, 1, 42, 5, '2023-12-06'),
(330, 2, 42, 105, '2023-12-06'),
(331, 3, 42, 7, '2023-12-06'),
(332, 4, 42, 7, '2023-12-06'),
(333, 5, 42, 62, '2023-12-06'),
(334, 6, 42, 10, '2023-12-06'),
(335, 7, 42, 5, '2023-12-06'),
(336, 8, 42, 5, '2023-12-06'),
(337, 1, 46, 5, '2023-12-06'),
(338, 2, 46, 105, '2023-12-06'),
(339, 3, 46, 7, '2023-12-06'),
(340, 4, 46, 7, '2023-12-06'),
(341, 5, 46, 62, '2023-12-06'),
(342, 6, 46, 10, '2023-12-06'),
(343, 7, 46, 5, '2023-12-06'),
(344, 8, 46, 5, '2023-12-06'),
(345, 1, 39, 5, '2023-12-06'),
(346, 2, 39, 105, '2023-12-06'),
(347, 3, 39, 7, '2023-12-06'),
(348, 4, 39, 7, '2023-12-06'),
(349, 5, 39, 62, '2023-12-06'),
(350, 6, 39, 10, '2023-12-06'),
(351, 7, 39, 5, '2023-12-06'),
(352, 8, 39, 5, '2023-12-06'),
(353, 1, 53, 5, '2023-12-06'),
(354, 2, 53, 105, '2023-12-06'),
(355, 3, 53, 7, '2023-12-06'),
(356, 4, 53, 7, '2023-12-06'),
(357, 5, 53, 62, '2023-12-06'),
(358, 6, 53, 10, '2023-12-06'),
(359, 7, 53, 5, '2023-12-06'),
(360, 8, 53, 5, '2023-12-06'),
(361, 1, 43, 5, '2023-12-06'),
(362, 2, 43, 105, '2023-12-06'),
(363, 3, 43, 7, '2023-12-06'),
(364, 4, 43, 7, '2023-12-06'),
(365, 5, 43, 62, '2023-12-06'),
(366, 6, 43, 10, '2023-12-06'),
(367, 7, 43, 5, '2023-12-06'),
(368, 8, 43, 5, '2023-12-06'),
(369, 1, 45, 5, '2023-12-06'),
(370, 2, 45, 105, '2023-12-06'),
(371, 3, 45, 7, '2023-12-06'),
(372, 4, 45, 7, '2023-12-06'),
(373, 5, 45, 62, '2023-12-06'),
(374, 6, 45, 10, '2023-12-06'),
(375, 7, 45, 5, '2023-12-06'),
(376, 8, 45, 5, '2023-12-06'),
(377, 1, 50, 5, '2023-12-06'),
(378, 2, 50, 105, '2023-12-06'),
(379, 3, 50, 7, '2023-12-06'),
(380, 4, 50, 7, '2023-12-06'),
(381, 5, 50, 62, '2023-12-06'),
(382, 6, 50, 10, '2023-12-06'),
(383, 7, 50, 5, '2023-12-06'),
(384, 8, 50, 5, '2023-12-06'),
(385, 1, 47, 5, '2023-12-06'),
(386, 2, 47, 105, '2023-12-06'),
(387, 3, 47, 7, '2023-12-06'),
(388, 4, 47, 7, '2023-12-06'),
(389, 5, 47, 62, '2023-12-06'),
(390, 6, 47, 10, '2023-12-06'),
(391, 7, 47, 5, '2023-12-06'),
(392, 8, 47, 5, '2023-12-06'),
(393, 1, 49, 5, '2023-12-06'),
(394, 2, 49, 105, '2023-12-06'),
(395, 3, 49, 7, '2023-12-06'),
(396, 4, 49, 7, '2023-12-06'),
(397, 5, 49, 62, '2023-12-06'),
(398, 6, 49, 10, '2023-12-06'),
(399, 7, 49, 5, '2023-12-06'),
(400, 8, 49, 5, '2023-12-06'),
(401, 1, 51, 5, '2023-12-06'),
(402, 2, 51, 105, '2023-12-06'),
(403, 3, 51, 7, '2023-12-06'),
(404, 4, 51, 7, '2023-12-06'),
(405, 5, 51, 62, '2023-12-06'),
(406, 6, 51, 10, '2023-12-06'),
(407, 7, 51, 5, '2023-12-06'),
(408, 8, 51, 5, '2023-12-06'),
(409, 1, 48, 5, '2023-12-06'),
(410, 2, 48, 105, '2023-12-06'),
(411, 3, 48, 7, '2023-12-06'),
(412, 4, 48, 7, '2023-12-06'),
(413, 5, 48, 62, '2023-12-06'),
(414, 6, 48, 10, '2023-12-06'),
(415, 7, 48, 5, '2023-12-06'),
(416, 8, 48, 5, '2023-12-06'),
(417, 1, 52, 5, '2023-12-06'),
(418, 2, 52, 105, '2023-12-06'),
(419, 3, 52, 7, '2023-12-06'),
(420, 4, 52, 7, '2023-12-06'),
(421, 5, 52, 62, '2023-12-06'),
(422, 6, 52, 10, '2023-12-06'),
(423, 7, 52, 5, '2023-12-06'),
(424, 8, 52, 5, '2023-12-06');

INSERT INTO `shift` (`shiftID`, `employeeID`, `reasonID`, `timeIn`, `timeOut`, `leaveDaysID`, `shiftDate`) VALUES
(1, 48, NULL, '09:00:00', '17:00:00', NULL, '2023-12-11'),
(2, 31, NULL, '09:00:00', '17:00:00', NULL, '2023-12-11'),
(3, 45, NULL, '09:00:00', '17:00:00', NULL, '2023-12-11'),
(4, 5, NULL, '09:00:00', '17:00:00', NULL, '2023-12-11'),
(5, 34, NULL, '09:00:00', '17:00:00', NULL, '2023-12-11'),
(6, 18, NULL, '09:00:00', '17:00:00', NULL, '2023-12-11'),
(7, 8, NULL, '09:00:00', '17:00:00', NULL, '2023-12-11'),
(8, 41, NULL, '09:00:00', '17:00:00', NULL, '2023-12-11'),
(9, 30, NULL, '09:00:00', '17:00:00', NULL, '2023-12-11'),
(10, 48, NULL, '09:00:00', '17:00:00', NULL, '2023-12-12'),
(11, 31, NULL, '09:00:00', '17:00:00', NULL, '2023-12-12'),
(12, 45, NULL, '09:00:00', '17:00:00', NULL, '2023-12-12'),
(13, 5, NULL, '09:00:00', '17:00:00', NULL, '2023-12-12'),
(14, 34, NULL, '09:00:00', '17:00:00', NULL, '2023-12-12'),
(15, 18, NULL, '09:00:00', '17:00:00', NULL, '2023-12-12'),
(16, 8, NULL, '09:00:00', '17:00:00', NULL, '2023-12-12'),
(17, 41, NULL, '09:00:00', '17:00:00', NULL, '2023-12-12'),
(18, 30, NULL, '09:00:00', '17:00:00', NULL, '2023-12-12'),
(19, 48, NULL, '09:00:00', '17:00:00', NULL, '2023-12-13'),
(20, 31, NULL, '09:00:00', '17:00:00', NULL, '2023-12-13'),
(21, 45, NULL, '09:00:00', '17:00:00', NULL, '2023-12-13'),
(22, 5, NULL, '09:00:00', '17:00:00', NULL, '2023-12-13'),
(23, 34, NULL, '09:00:00', '17:00:00', NULL, '2023-12-13'),
(24, 18, NULL, '09:00:00', '17:00:00', NULL, '2023-12-13'),
(25, 8, NULL, '09:00:00', '17:00:00', NULL, '2023-12-13'),
(26, 41, NULL, '09:00:00', '17:00:00', NULL, '2023-12-13'),
(27, 30, NULL, '09:00:00', '17:00:00', NULL, '2023-12-13'),
(28, 48, NULL, '09:00:00', '17:00:00', NULL, '2023-12-14'),
(29, 31, NULL, '09:00:00', '17:00:00', NULL, '2023-12-14'),
(30, 45, NULL, '09:00:00', '17:00:00', NULL, '2023-12-14'),
(31, 5, NULL, '09:00:00', '17:00:00', NULL, '2023-12-14'),
(32, 34, NULL, '09:00:00', '17:00:00', NULL, '2023-12-14'),
(33, 18, NULL, '09:00:00', '17:00:00', NULL, '2023-12-14'),
(34, 8, NULL, '09:00:00', '17:00:00', NULL, '2023-12-14'),
(35, 41, NULL, '09:00:00', '17:00:00', NULL, '2023-12-14'),
(36, 30, NULL, '09:00:00', '17:00:00', NULL, '2023-12-14'),
(37, 48, NULL, '09:00:00', '17:00:00', NULL, '2023-12-15'),
(38, 31, NULL, '09:00:00', '17:00:00', NULL, '2023-12-15'),
(39, 45, NULL, '09:00:00', '17:00:00', NULL, '2023-12-15'),
(40, 5, NULL, '09:00:00', '17:00:00', NULL, '2023-12-15'),
(41, 34, NULL, '09:00:00', '17:00:00', NULL, '2023-12-15'),
(42, 18, NULL, '09:00:00', '17:00:00', NULL, '2023-12-15'),
(43, 8, NULL, '09:00:00', '17:00:00', NULL, '2023-12-15'),
(44, 41, NULL, '09:00:00', '17:00:00', NULL, '2023-12-15'),
(45, 30, NULL, '09:00:00', '17:00:00', NULL, '2023-12-15'),
(46, 48, NULL, '09:00:00', '17:00:00', NULL, '2023-12-16'),
(47, 31, NULL, '09:00:00', '17:00:00', NULL, '2023-12-16'),
(48, 45, NULL, '09:00:00', '17:00:00', NULL, '2023-12-16'),
(49, 5, NULL, '09:00:00', '17:00:00', NULL, '2023-12-16'),
(50, 34, NULL, '09:00:00', '17:00:00', NULL, '2023-12-16'),
(51, 18, NULL, '09:00:00', '17:00:00', NULL, '2023-12-16'),
(52, 8, NULL, '09:00:00', '17:00:00', NULL, '2023-12-16'),
(53, 41, NULL, '09:00:00', '17:00:00', NULL, '2023-12-16'),
(54, 30, NULL, '09:00:00', '17:00:00', NULL, '2023-12-16'),
(55, 48, NULL, '09:00:00', '17:00:00', NULL, '2023-12-18'),
(56, 31, NULL, '09:00:00', '17:00:00', NULL, '2023-12-18'),
(57, 45, NULL, '09:00:00', '17:00:00', NULL, '2023-12-18'),
(58, 5, NULL, '09:00:00', '17:00:00', NULL, '2023-12-18'),
(59, 34, NULL, '09:00:00', '17:00:00', NULL, '2023-12-18'),
(60, 18, NULL, '09:00:00', '17:00:00', NULL, '2023-12-18'),
(61, 8, NULL, '09:00:00', '17:00:00', NULL, '2023-12-18'),
(62, 41, NULL, '09:00:00', '17:00:00', NULL, '2023-12-18'),
(63, 30, NULL, '09:00:00', '17:00:00', NULL, '2023-12-18'),
(64, 48, NULL, '09:00:00', '17:00:00', NULL, '2023-12-19'),
(65, 31, NULL, '09:00:00', '17:00:00', NULL, '2023-12-19'),
(66, 45, NULL, '09:00:00', '17:00:00', NULL, '2023-12-19'),
(67, 5, NULL, '09:00:00', '17:00:00', NULL, '2023-12-19'),
(68, 34, NULL, '09:00:00', '17:00:00', NULL, '2023-12-19'),
(69, 18, NULL, '09:00:00', '17:00:00', NULL, '2023-12-19'),
(70, 8, NULL, '09:00:00', '17:00:00', NULL, '2023-12-19'),
(71, 41, NULL, '09:00:00', '17:00:00', NULL, '2023-12-19'),
(72, 30, NULL, '09:00:00', '17:00:00', NULL, '2023-12-19'),
(73, 48, NULL, '09:00:00', '17:00:00', NULL, '2023-12-20'),
(74, 31, NULL, '09:00:00', '17:00:00', NULL, '2023-12-20'),
(75, 45, NULL, '09:00:00', '17:00:00', NULL, '2023-12-20'),
(76, 5, NULL, '09:00:00', '17:00:00', NULL, '2023-12-20'),
(77, 34, NULL, '09:00:00', '17:00:00', NULL, '2023-12-20'),
(78, 18, NULL, '09:00:00', '17:00:00', NULL, '2023-12-20'),
(79, 8, NULL, '09:00:00', '17:00:00', NULL, '2023-12-20'),
(80, 41, NULL, '09:00:00', '17:00:00', NULL, '2023-12-20'),
(81, 30, NULL, '09:00:00', '17:00:00', NULL, '2023-12-20'),
(82, 48, NULL, '09:00:00', '17:00:00', NULL, '2023-12-21'),
(83, 31, NULL, '09:00:00', '17:00:00', NULL, '2023-12-21'),
(84, 45, NULL, '09:00:00', '17:00:00', NULL, '2023-12-21'),
(85, 5, NULL, '09:00:00', '17:00:00', NULL, '2023-12-21'),
(86, 34, NULL, '09:00:00', '17:00:00', NULL, '2023-12-21'),
(87, 18, NULL, '09:00:00', '17:00:00', NULL, '2023-12-21'),
(88, 8, NULL, '09:00:00', '17:00:00', NULL, '2023-12-21'),
(89, 41, NULL, '09:00:00', '17:00:00', NULL, '2023-12-21'),
(90, 30, NULL, '09:00:00', '17:00:00', NULL, '2023-12-21'),
(91, 48, NULL, '09:00:00', '17:00:00', NULL, '2023-12-22'),
(92, 31, NULL, '09:00:00', '17:00:00', NULL, '2023-12-22'),
(93, 45, NULL, '09:00:00', '17:00:00', NULL, '2023-12-22'),
(94, 5, NULL, '09:00:00', '17:00:00', NULL, '2023-12-22'),
(95, 34, NULL, '09:00:00', '17:00:00', NULL, '2023-12-22'),
(96, 18, NULL, '09:00:00', '17:00:00', NULL, '2023-12-22'),
(97, 8, NULL, '09:00:00', '17:00:00', NULL, '2023-12-22'),
(98, 41, NULL, '09:00:00', '17:00:00', NULL, '2023-12-22'),
(99, 30, NULL, '09:00:00', '17:00:00', NULL, '2023-12-22'),
(100, 48, NULL, '09:00:00', '17:00:00', NULL, '2023-12-23'),
(101, 31, NULL, '09:00:00', '17:00:00', NULL, '2023-12-23'),
(102, 45, NULL, '09:00:00', '17:00:00', NULL, '2023-12-23'),
(103, 5, NULL, '09:00:00', '17:00:00', NULL, '2023-12-23'),
(104, 34, NULL, '09:00:00', '17:00:00', NULL, '2023-12-23'),
(105, 18, NULL, '09:00:00', '17:00:00', NULL, '2023-12-23'),
(106, 8, NULL, '09:00:00', '17:00:00', NULL, '2023-12-23'),
(107, 41, NULL, '09:00:00', '17:00:00', NULL, '2023-12-23'),
(108, 30, NULL, '09:00:00', '17:00:00', NULL, '2023-12-23'),
(109, 48, NULL, '09:00:00', '17:00:00', NULL, '2023-12-26'),
(110, 31, NULL, '09:00:00', '17:00:00', NULL, '2023-12-26'),
(111, 45, NULL, '09:00:00', '17:00:00', NULL, '2023-12-26'),
(112, 5, NULL, '09:00:00', '17:00:00', NULL, '2023-12-26'),
(113, 34, NULL, '09:00:00', '17:00:00', NULL, '2023-12-26'),
(114, 18, NULL, '09:00:00', '17:00:00', NULL, '2023-12-26'),
(115, 8, NULL, '09:00:00', '17:00:00', NULL, '2023-12-26'),
(116, 41, NULL, '09:00:00', '17:00:00', NULL, '2023-12-26'),
(117, 30, NULL, '09:00:00', '17:00:00', NULL, '2023-12-26'),
(118, 11, NULL, '09:00:00', '17:00:00', NULL, '2023-12-26'),
(119, 42, NULL, '09:00:00', '17:00:00', NULL, '2023-12-26'),
(120, 21, NULL, '09:00:00', '17:00:00', NULL, '2023-12-26'),
(121, 43, NULL, '09:00:00', '17:00:00', NULL, '2023-12-26'),
(122, 23, NULL, '09:00:00', '17:00:00', NULL, '2023-12-26'),
(123, 53, NULL, '09:00:00', '17:00:00', NULL, '2023-12-26'),
(124, 40, NULL, '09:00:00', '17:00:00', NULL, '2023-12-26'),
(125, 33, NULL, '09:00:00', '17:00:00', NULL, '2023-12-26'),
(126, 14, NULL, '09:00:00', '17:00:00', NULL, '2023-12-26'),
(127, 27, NULL, '09:00:00', '17:00:00', NULL, '2023-12-26'),
(128, 28, NULL, '09:00:00', '17:00:00', NULL, '2023-12-26'),
(129, 47, NULL, '09:00:00', '17:00:00', NULL, '2023-12-26'),
(130, 24, NULL, '09:00:00', '17:00:00', NULL, '2023-12-26'),
(131, 20, NULL, '09:00:00', '17:00:00', NULL, '2023-12-26'),
(132, 19, NULL, '09:00:00', '17:00:00', NULL, '2023-12-26'),
(133, 26, NULL, '09:00:00', '17:00:00', NULL, '2023-12-26'),
(134, 50, NULL, '09:00:00', '17:00:00', NULL, '2023-12-26'),
(135, 4, NULL, '09:00:00', '17:00:00', NULL, '2023-12-26'),
(136, 1, NULL, '09:00:00', '17:00:00', NULL, '2023-12-26'),
(137, 16, NULL, '09:00:00', '17:00:00', NULL, '2023-12-26'),
(138, 38, NULL, '09:00:00', '17:00:00', NULL, '2023-12-26'),
(139, 2, NULL, '09:00:00', '17:00:00', NULL, '2023-12-26'),
(140, 49, NULL, '09:00:00', '17:00:00', NULL, '2023-12-26'),
(141, 29, NULL, '09:00:00', '17:00:00', NULL, '2023-12-26'),
(142, 46, NULL, '09:00:00', '17:00:00', NULL, '2023-12-26'),
(143, 44, NULL, '09:00:00', '17:00:00', NULL, '2023-12-26'),
(144, 22, NULL, '09:00:00', '17:00:00', NULL, '2023-12-26'),
(145, 12, NULL, '09:00:00', '17:00:00', NULL, '2023-12-26'),
(146, 9, NULL, '09:00:00', '17:00:00', NULL, '2023-12-26'),
(147, 13, NULL, '09:00:00', '17:00:00', NULL, '2023-12-26'),
(148, 35, NULL, '09:00:00', '17:00:00', NULL, '2023-12-26'),
(149, 7, NULL, '09:00:00', '17:00:00', NULL, '2023-12-26'),
(150, 17, NULL, '09:00:00', '17:00:00', NULL, '2023-12-26'),
(151, 10, NULL, '09:00:00', '17:00:00', NULL, '2023-12-26'),
(152, 39, NULL, '09:00:00', '17:00:00', NULL, '2023-12-26'),
(153, 37, NULL, '09:00:00', '17:00:00', NULL, '2023-12-26'),
(154, 3, NULL, '09:00:00', '17:00:00', NULL, '2023-12-26'),
(155, 32, NULL, '09:00:00', '17:00:00', NULL, '2023-12-26'),
(156, 15, NULL, '09:00:00', '17:00:00', NULL, '2023-12-26'),
(157, 52, NULL, '09:00:00', '17:00:00', NULL, '2023-12-26'),
(158, 6, NULL, '09:00:00', '17:00:00', NULL, '2023-12-26'),
(159, 25, NULL, '09:00:00', '17:00:00', NULL, '2023-12-26'),
(160, 36, NULL, '09:00:00', '17:00:00', NULL, '2023-12-26'),
(161, 51, NULL, '09:00:00', '17:00:00', NULL, '2023-12-26'),
(162, 48, NULL, '09:00:00', '17:00:00', NULL, '2023-12-27'),
(163, 31, NULL, '09:00:00', '17:00:00', NULL, '2023-12-27'),
(164, 45, NULL, '09:00:00', '17:00:00', NULL, '2023-12-27'),
(165, 5, NULL, '09:00:00', '17:00:00', NULL, '2023-12-27'),
(166, 34, NULL, '09:00:00', '17:00:00', NULL, '2023-12-27'),
(167, 18, NULL, '09:00:00', '17:00:00', NULL, '2023-12-27'),
(168, 8, NULL, '09:00:00', '17:00:00', NULL, '2023-12-27'),
(169, 41, NULL, '09:00:00', '17:00:00', NULL, '2023-12-27'),
(170, 30, NULL, '09:00:00', '17:00:00', NULL, '2023-12-27'),
(171, 11, NULL, '09:00:00', '17:00:00', NULL, '2023-12-27'),
(172, 42, NULL, '09:00:00', '17:00:00', NULL, '2023-12-27'),
(173, 21, NULL, '09:00:00', '17:00:00', NULL, '2023-12-27'),
(174, 43, NULL, '09:00:00', '17:00:00', NULL, '2023-12-27'),
(175, 23, NULL, '09:00:00', '17:00:00', NULL, '2023-12-27'),
(176, 53, NULL, '09:00:00', '17:00:00', NULL, '2023-12-27'),
(177, 40, NULL, '09:00:00', '17:00:00', NULL, '2023-12-27'),
(178, 33, NULL, '09:00:00', '17:00:00', NULL, '2023-12-27'),
(179, 14, NULL, '09:00:00', '17:00:00', NULL, '2023-12-27'),
(180, 27, NULL, '09:00:00', '17:00:00', NULL, '2023-12-27'),
(181, 28, NULL, '09:00:00', '17:00:00', NULL, '2023-12-27'),
(182, 47, NULL, '09:00:00', '17:00:00', NULL, '2023-12-27'),
(183, 24, NULL, '09:00:00', '17:00:00', NULL, '2023-12-27'),
(184, 20, NULL, '09:00:00', '17:00:00', NULL, '2023-12-27'),
(185, 19, NULL, '09:00:00', '17:00:00', NULL, '2023-12-27'),
(186, 26, NULL, '09:00:00', '17:00:00', NULL, '2023-12-27'),
(187, 50, NULL, '09:00:00', '17:00:00', NULL, '2023-12-27'),
(188, 4, NULL, '09:00:00', '17:00:00', NULL, '2023-12-27'),
(189, 1, NULL, '09:00:00', '17:00:00', NULL, '2023-12-27'),
(190, 16, NULL, '09:00:00', '17:00:00', NULL, '2023-12-27'),
(191, 38, NULL, '09:00:00', '17:00:00', NULL, '2023-12-27'),
(192, 2, NULL, '09:00:00', '17:00:00', NULL, '2023-12-27'),
(193, 49, NULL, '09:00:00', '17:00:00', NULL, '2023-12-27'),
(194, 29, NULL, '09:00:00', '17:00:00', NULL, '2023-12-27'),
(195, 46, NULL, '09:00:00', '17:00:00', NULL, '2023-12-27'),
(196, 44, NULL, '09:00:00', '17:00:00', NULL, '2023-12-27'),
(197, 22, NULL, '09:00:00', '17:00:00', NULL, '2023-12-27'),
(198, 12, NULL, '09:00:00', '17:00:00', NULL, '2023-12-27'),
(199, 9, NULL, '09:00:00', '17:00:00', NULL, '2023-12-27'),
(200, 13, NULL, '09:00:00', '17:00:00', NULL, '2023-12-27'),
(201, 35, NULL, '09:00:00', '17:00:00', NULL, '2023-12-27'),
(202, 7, NULL, '09:00:00', '17:00:00', NULL, '2023-12-27'),
(203, 17, NULL, '09:00:00', '17:00:00', NULL, '2023-12-27'),
(204, 10, NULL, '09:00:00', '17:00:00', NULL, '2023-12-27'),
(205, 39, NULL, '09:00:00', '17:00:00', NULL, '2023-12-27'),
(206, 37, NULL, '09:00:00', '17:00:00', NULL, '2023-12-27'),
(207, 3, NULL, '09:00:00', '17:00:00', NULL, '2023-12-27'),
(208, 32, NULL, '09:00:00', '17:00:00', NULL, '2023-12-27'),
(209, 15, NULL, '09:00:00', '17:00:00', NULL, '2023-12-27'),
(210, 52, NULL, '09:00:00', '17:00:00', NULL, '2023-12-27'),
(211, 6, NULL, '09:00:00', '17:00:00', NULL, '2023-12-27'),
(212, 25, NULL, '09:00:00', '17:00:00', NULL, '2023-12-27'),
(213, 36, NULL, '09:00:00', '17:00:00', NULL, '2023-12-27'),
(214, 51, NULL, '09:00:00', '17:00:00', NULL, '2023-12-27'),
(215, 48, NULL, '09:00:00', '17:00:00', NULL, '2023-12-28'),
(216, 31, NULL, '09:00:00', '17:00:00', NULL, '2023-12-28'),
(217, 45, NULL, '09:00:00', '17:00:00', NULL, '2023-12-28'),
(218, 5, NULL, '09:00:00', '17:00:00', NULL, '2023-12-28'),
(219, 34, NULL, '09:00:00', '17:00:00', NULL, '2023-12-28'),
(220, 18, NULL, '09:00:00', '17:00:00', NULL, '2023-12-28'),
(221, 8, NULL, '09:00:00', '17:00:00', NULL, '2023-12-28'),
(222, 41, NULL, '09:00:00', '17:00:00', NULL, '2023-12-28'),
(223, 30, NULL, '09:00:00', '17:00:00', NULL, '2023-12-28'),
(224, 11, NULL, '09:00:00', '17:00:00', NULL, '2023-12-28'),
(225, 42, NULL, '09:00:00', '17:00:00', NULL, '2023-12-28'),
(226, 21, NULL, '09:00:00', '17:00:00', NULL, '2023-12-28'),
(227, 43, NULL, '09:00:00', '17:00:00', NULL, '2023-12-28'),
(228, 23, NULL, '09:00:00', '17:00:00', NULL, '2023-12-28'),
(229, 53, NULL, '09:00:00', '17:00:00', NULL, '2023-12-28'),
(230, 40, NULL, '09:00:00', '17:00:00', NULL, '2023-12-28'),
(231, 33, NULL, '09:00:00', '17:00:00', NULL, '2023-12-28'),
(232, 14, NULL, '09:00:00', '17:00:00', NULL, '2023-12-28'),
(233, 27, NULL, '09:00:00', '17:00:00', NULL, '2023-12-28'),
(234, 28, NULL, '09:00:00', '17:00:00', NULL, '2023-12-28'),
(235, 47, NULL, '09:00:00', '17:00:00', NULL, '2023-12-28'),
(236, 24, NULL, '09:00:00', '17:00:00', NULL, '2023-12-28'),
(237, 20, NULL, '09:00:00', '17:00:00', NULL, '2023-12-28'),
(238, 19, NULL, '09:00:00', '17:00:00', NULL, '2023-12-28'),
(239, 26, NULL, '09:00:00', '17:00:00', NULL, '2023-12-28'),
(240, 50, NULL, '09:00:00', '17:00:00', NULL, '2023-12-28'),
(241, 4, NULL, '09:00:00', '17:00:00', NULL, '2023-12-28'),
(242, 1, NULL, '09:00:00', '17:00:00', NULL, '2023-12-28'),
(243, 16, NULL, '09:00:00', '17:00:00', NULL, '2023-12-28'),
(244, 38, NULL, '09:00:00', '17:00:00', NULL, '2023-12-28'),
(245, 2, NULL, '09:00:00', '17:00:00', NULL, '2023-12-28'),
(246, 49, NULL, '09:00:00', '17:00:00', NULL, '2023-12-28'),
(247, 29, NULL, '09:00:00', '17:00:00', NULL, '2023-12-28'),
(248, 46, NULL, '09:00:00', '17:00:00', NULL, '2023-12-28'),
(249, 44, NULL, '09:00:00', '17:00:00', NULL, '2023-12-28'),
(250, 22, NULL, '09:00:00', '17:00:00', NULL, '2023-12-28'),
(251, 12, NULL, '09:00:00', '17:00:00', NULL, '2023-12-28'),
(252, 9, NULL, '09:00:00', '17:00:00', NULL, '2023-12-28'),
(253, 13, NULL, '09:00:00', '17:00:00', NULL, '2023-12-28'),
(254, 35, NULL, '09:00:00', '17:00:00', NULL, '2023-12-28'),
(255, 7, NULL, '09:00:00', '17:00:00', NULL, '2023-12-28'),
(256, 17, NULL, '09:00:00', '17:00:00', NULL, '2023-12-28'),
(257, 10, NULL, '09:00:00', '17:00:00', NULL, '2023-12-28'),
(258, 39, NULL, '09:00:00', '17:00:00', NULL, '2023-12-28'),
(259, 37, NULL, '09:00:00', '17:00:00', NULL, '2023-12-28'),
(260, 3, NULL, '09:00:00', '17:00:00', NULL, '2023-12-28'),
(261, 32, NULL, '09:00:00', '17:00:00', NULL, '2023-12-28'),
(262, 15, NULL, '09:00:00', '17:00:00', NULL, '2023-12-28'),
(263, 52, NULL, '09:00:00', '17:00:00', NULL, '2023-12-28'),
(264, 6, NULL, '09:00:00', '17:00:00', NULL, '2023-12-28'),
(265, 25, NULL, '09:00:00', '17:00:00', NULL, '2023-12-28'),
(266, 36, NULL, '09:00:00', '17:00:00', NULL, '2023-12-28'),
(267, 51, NULL, '09:00:00', '17:00:00', NULL, '2023-12-28'),
(268, 48, NULL, '09:00:00', '17:00:00', NULL, '2023-12-29'),
(269, 31, NULL, '09:00:00', '17:00:00', NULL, '2023-12-29'),
(270, 45, NULL, '09:00:00', '17:00:00', NULL, '2023-12-29'),
(271, 5, NULL, '09:00:00', '17:00:00', NULL, '2023-12-29'),
(272, 34, NULL, '09:00:00', '17:00:00', NULL, '2023-12-29'),
(273, 18, NULL, '09:00:00', '17:00:00', NULL, '2023-12-29'),
(274, 8, NULL, '09:00:00', '17:00:00', NULL, '2023-12-29'),
(275, 41, NULL, '09:00:00', '17:00:00', NULL, '2023-12-29'),
(276, 30, NULL, '09:00:00', '17:00:00', NULL, '2023-12-29'),
(277, 11, NULL, '09:00:00', '17:00:00', NULL, '2023-12-29'),
(278, 42, NULL, '09:00:00', '17:00:00', NULL, '2023-12-29'),
(279, 21, NULL, '09:00:00', '17:00:00', NULL, '2023-12-29'),
(280, 43, NULL, '09:00:00', '17:00:00', NULL, '2023-12-29'),
(281, 23, NULL, '09:00:00', '17:00:00', NULL, '2023-12-29'),
(282, 53, NULL, '09:00:00', '17:00:00', NULL, '2023-12-29'),
(283, 40, NULL, '09:00:00', '17:00:00', NULL, '2023-12-29'),
(284, 33, NULL, '09:00:00', '17:00:00', NULL, '2023-12-29'),
(285, 14, NULL, '09:00:00', '17:00:00', NULL, '2023-12-29'),
(286, 27, NULL, '09:00:00', '17:00:00', NULL, '2023-12-29'),
(287, 28, NULL, '09:00:00', '17:00:00', NULL, '2023-12-29'),
(288, 47, NULL, '09:00:00', '17:00:00', NULL, '2023-12-29'),
(289, 24, NULL, '09:00:00', '17:00:00', NULL, '2023-12-29'),
(290, 20, NULL, '09:00:00', '17:00:00', NULL, '2023-12-29'),
(291, 19, NULL, '09:00:00', '17:00:00', NULL, '2023-12-29'),
(292, 26, NULL, '09:00:00', '17:00:00', NULL, '2023-12-29'),
(293, 50, NULL, '09:00:00', '17:00:00', NULL, '2023-12-29'),
(294, 4, NULL, '09:00:00', '17:00:00', NULL, '2023-12-29'),
(295, 1, NULL, '09:00:00', '17:00:00', NULL, '2023-12-29'),
(296, 16, NULL, '09:00:00', '17:00:00', NULL, '2023-12-29'),
(297, 38, NULL, '09:00:00', '17:00:00', NULL, '2023-12-29'),
(298, 2, NULL, '09:00:00', '17:00:00', NULL, '2023-12-29'),
(299, 49, NULL, '09:00:00', '17:00:00', NULL, '2023-12-29'),
(300, 29, NULL, '09:00:00', '17:00:00', NULL, '2023-12-29'),
(301, 46, NULL, '09:00:00', '17:00:00', NULL, '2023-12-29'),
(302, 44, NULL, '09:00:00', '17:00:00', NULL, '2023-12-29'),
(303, 22, NULL, '09:00:00', '17:00:00', NULL, '2023-12-29'),
(304, 12, NULL, '09:00:00', '17:00:00', NULL, '2023-12-29'),
(305, 9, NULL, '09:00:00', '17:00:00', NULL, '2023-12-29'),
(306, 13, NULL, '09:00:00', '17:00:00', NULL, '2023-12-29'),
(307, 35, NULL, '09:00:00', '17:00:00', NULL, '2023-12-29'),
(308, 7, NULL, '09:00:00', '17:00:00', NULL, '2023-12-29'),
(309, 17, NULL, '09:00:00', '17:00:00', NULL, '2023-12-29'),
(310, 10, NULL, '09:00:00', '17:00:00', NULL, '2023-12-29'),
(311, 39, NULL, '09:00:00', '17:00:00', NULL, '2023-12-29'),
(312, 37, NULL, '09:00:00', '17:00:00', NULL, '2023-12-29'),
(313, 3, NULL, '09:00:00', '17:00:00', NULL, '2023-12-29'),
(314, 32, NULL, '09:00:00', '17:00:00', NULL, '2023-12-29'),
(315, 15, NULL, '09:00:00', '17:00:00', NULL, '2023-12-29'),
(316, 52, NULL, '09:00:00', '17:00:00', NULL, '2023-12-29'),
(317, 6, NULL, '09:00:00', '17:00:00', NULL, '2023-12-29'),
(318, 25, NULL, '09:00:00', '17:00:00', NULL, '2023-12-29'),
(319, 36, NULL, '09:00:00', '17:00:00', NULL, '2023-12-29'),
(320, 51, NULL, '09:00:00', '17:00:00', NULL, '2023-12-29'),
(321, 48, NULL, '09:00:00', '17:00:00', NULL, '2023-12-09'),
(322, 31, NULL, '09:00:00', '17:00:00', NULL, '2023-12-09'),
(323, 45, NULL, '09:00:00', '17:00:00', NULL, '2023-12-09'),
(324, 5, NULL, '09:00:00', '17:00:00', NULL, '2023-12-09'),
(325, 34, NULL, '09:00:00', '17:00:00', NULL, '2023-12-09'),
(326, 18, NULL, '09:00:00', '17:00:00', NULL, '2023-12-09'),
(327, 8, NULL, '09:00:00', '17:00:00', NULL, '2023-12-09'),
(328, 41, NULL, '09:00:00', '17:00:00', NULL, '2023-12-09'),
(329, 30, NULL, '09:00:00', '17:00:00', NULL, '2023-12-09'),
(330, 11, NULL, '09:00:00', '17:00:00', NULL, '2023-12-09'),
(331, 42, NULL, '09:00:00', '17:00:00', NULL, '2023-12-09'),
(332, 21, NULL, '09:00:00', '17:00:00', NULL, '2023-12-09'),
(333, 43, NULL, '09:00:00', '17:00:00', NULL, '2023-12-09'),
(334, 23, NULL, '09:00:00', '17:00:00', NULL, '2023-12-09'),
(335, 53, NULL, '09:00:00', '17:00:00', NULL, '2023-12-09'),
(336, 40, NULL, '09:00:00', '17:00:00', NULL, '2023-12-09'),
(337, 33, NULL, '09:00:00', '17:00:00', NULL, '2023-12-09'),
(338, 14, NULL, '09:00:00', '17:00:00', NULL, '2023-12-09'),
(339, 27, NULL, '09:00:00', '17:00:00', NULL, '2023-12-09'),
(340, 28, NULL, '09:00:00', '17:00:00', NULL, '2023-12-09'),
(341, 47, NULL, '09:00:00', '17:00:00', NULL, '2023-12-09'),
(342, 24, NULL, '09:00:00', '17:00:00', NULL, '2023-12-09'),
(343, 20, NULL, '09:00:00', '17:00:00', NULL, '2023-12-09'),
(344, 19, NULL, '09:00:00', '17:00:00', NULL, '2023-12-09'),
(345, 26, NULL, '09:00:00', '17:00:00', NULL, '2023-12-09'),
(346, 50, NULL, '09:00:00', '17:00:00', NULL, '2023-12-09'),
(347, 4, NULL, '09:00:00', '17:00:00', NULL, '2023-12-09'),
(348, 1, NULL, '09:00:00', '17:00:00', NULL, '2023-12-09'),
(349, 16, NULL, '09:00:00', '17:00:00', NULL, '2023-12-09'),
(350, 38, NULL, '09:00:00', '17:00:00', NULL, '2023-12-09'),
(351, 2, NULL, '09:00:00', '17:00:00', NULL, '2023-12-09'),
(352, 49, NULL, '09:00:00', '17:00:00', NULL, '2023-12-09'),
(353, 29, NULL, '09:00:00', '17:00:00', NULL, '2023-12-09'),
(354, 46, NULL, '09:00:00', '17:00:00', NULL, '2023-12-09'),
(355, 44, NULL, '09:00:00', '17:00:00', NULL, '2023-12-09'),
(356, 22, NULL, '09:00:00', '17:00:00', NULL, '2023-12-09'),
(357, 12, NULL, '09:00:00', '17:00:00', NULL, '2023-12-09'),
(358, 9, NULL, '09:00:00', '17:00:00', NULL, '2023-12-09'),
(359, 13, NULL, '09:00:00', '17:00:00', NULL, '2023-12-09'),
(360, 35, NULL, '09:00:00', '17:00:00', NULL, '2023-12-09'),
(361, 7, NULL, '09:00:00', '17:00:00', NULL, '2023-12-09'),
(362, 17, NULL, '09:00:00', '17:00:00', NULL, '2023-12-09'),
(363, 10, NULL, '09:00:00', '17:00:00', NULL, '2023-12-09'),
(364, 39, NULL, '09:00:00', '17:00:00', NULL, '2023-12-09'),
(365, 37, NULL, '09:00:00', '17:00:00', NULL, '2023-12-09'),
(366, 3, NULL, '09:00:00', '17:00:00', NULL, '2023-12-09'),
(367, 32, NULL, '09:00:00', '17:00:00', NULL, '2023-12-09'),
(368, 15, NULL, '09:00:00', '17:00:00', NULL, '2023-12-09'),
(369, 52, NULL, '09:00:00', '17:00:00', NULL, '2023-12-09'),
(370, 6, NULL, '09:00:00', '17:00:00', NULL, '2023-12-09'),
(371, 25, NULL, '09:00:00', '17:00:00', NULL, '2023-12-09'),
(372, 36, NULL, '09:00:00', '17:00:00', NULL, '2023-12-09'),
(373, 51, NULL, '09:00:00', '17:00:00', NULL, '2023-12-09'),
(374, 48, NULL, '09:00:00', '17:00:00', NULL, '2023-12-08'),
(375, 31, NULL, '09:00:00', '17:00:00', NULL, '2023-12-08'),
(376, 45, NULL, '09:00:00', '17:00:00', NULL, '2023-12-08'),
(377, 5, NULL, '09:00:00', '17:00:00', NULL, '2023-12-08'),
(378, 34, NULL, '09:00:00', '17:00:00', NULL, '2023-12-08'),
(379, 18, NULL, '09:00:00', '17:00:00', NULL, '2023-12-08'),
(380, 8, NULL, '09:00:00', '17:00:00', NULL, '2023-12-08'),
(381, 41, NULL, '09:00:00', '17:00:00', NULL, '2023-12-08'),
(382, 30, NULL, '09:00:00', '17:00:00', NULL, '2023-12-08'),
(383, 11, NULL, '09:00:00', '17:00:00', NULL, '2023-12-08'),
(384, 42, NULL, '09:00:00', '17:00:00', NULL, '2023-12-08'),
(385, 21, NULL, '09:00:00', '17:00:00', NULL, '2023-12-08'),
(386, 43, NULL, '09:00:00', '17:00:00', NULL, '2023-12-08'),
(387, 23, NULL, '09:00:00', '17:00:00', NULL, '2023-12-08'),
(388, 53, NULL, '09:00:00', '17:00:00', NULL, '2023-12-08'),
(389, 40, NULL, '09:00:00', '17:00:00', NULL, '2023-12-08'),
(390, 33, NULL, '09:00:00', '17:00:00', NULL, '2023-12-08'),
(391, 14, NULL, '09:00:00', '17:00:00', NULL, '2023-12-08'),
(392, 27, NULL, '09:00:00', '17:00:00', NULL, '2023-12-08'),
(393, 28, NULL, '09:00:00', '17:00:00', NULL, '2023-12-08'),
(394, 47, NULL, '09:00:00', '17:00:00', NULL, '2023-12-08'),
(395, 24, NULL, '09:00:00', '17:00:00', NULL, '2023-12-08'),
(396, 20, NULL, '09:00:00', '17:00:00', NULL, '2023-12-08'),
(397, 19, NULL, '09:00:00', '17:00:00', NULL, '2023-12-08'),
(398, 26, NULL, '09:00:00', '17:00:00', NULL, '2023-12-08'),
(399, 50, NULL, '09:00:00', '17:00:00', NULL, '2023-12-08'),
(400, 4, NULL, '09:00:00', '17:00:00', NULL, '2023-12-08'),
(401, 1, NULL, '09:00:00', '17:00:00', NULL, '2023-12-08'),
(402, 16, NULL, '09:00:00', '17:00:00', NULL, '2023-12-08'),
(403, 38, NULL, '09:00:00', '17:00:00', NULL, '2023-12-08'),
(404, 2, NULL, '09:00:00', '17:00:00', NULL, '2023-12-08'),
(405, 49, NULL, '09:00:00', '17:00:00', NULL, '2023-12-08'),
(406, 29, NULL, '09:00:00', '17:00:00', NULL, '2023-12-08'),
(407, 46, NULL, '09:00:00', '17:00:00', NULL, '2023-12-08'),
(408, 44, NULL, '09:00:00', '17:00:00', NULL, '2023-12-08'),
(409, 22, NULL, '09:00:00', '17:00:00', NULL, '2023-12-08'),
(410, 12, NULL, '09:00:00', '17:00:00', NULL, '2023-12-08'),
(411, 9, NULL, '09:00:00', '17:00:00', NULL, '2023-12-08'),
(412, 13, NULL, '09:00:00', '17:00:00', NULL, '2023-12-08'),
(413, 35, NULL, '09:00:00', '17:00:00', NULL, '2023-12-08'),
(414, 7, NULL, '09:00:00', '17:00:00', NULL, '2023-12-08'),
(415, 17, NULL, '09:00:00', '17:00:00', NULL, '2023-12-08'),
(416, 10, NULL, '09:00:00', '17:00:00', NULL, '2023-12-08'),
(417, 39, NULL, '09:00:00', '17:00:00', NULL, '2023-12-08'),
(418, 37, NULL, '09:00:00', '17:00:00', NULL, '2023-12-08'),
(419, 3, NULL, '09:00:00', '17:00:00', NULL, '2023-12-08'),
(420, 32, NULL, '09:00:00', '17:00:00', NULL, '2023-12-08'),
(421, 15, NULL, '09:00:00', '17:00:00', NULL, '2023-12-08'),
(422, 52, NULL, '09:00:00', '17:00:00', NULL, '2023-12-08'),
(423, 6, NULL, '09:00:00', '17:00:00', NULL, '2023-12-08'),
(424, 25, NULL, '09:00:00', '17:00:00', NULL, '2023-12-08'),
(425, 36, NULL, '09:00:00', '17:00:00', NULL, '2023-12-08'),
(426, 51, NULL, '09:00:00', '17:00:00', NULL, '2023-12-08'),
(427, 48, NULL, '09:00:00', '17:00:00', NULL, '2023-12-07'),
(428, 31, NULL, '09:00:00', '17:00:00', NULL, '2023-12-07'),
(429, 45, NULL, '09:00:00', '17:00:00', NULL, '2023-12-07'),
(430, 5, NULL, '09:00:00', '17:00:00', NULL, '2023-12-07'),
(431, 34, NULL, '09:00:00', '17:00:00', NULL, '2023-12-07'),
(432, 18, NULL, '09:00:00', '17:00:00', NULL, '2023-12-07'),
(433, 8, NULL, '09:00:00', '17:00:00', NULL, '2023-12-07'),
(434, 41, NULL, '09:00:00', '17:00:00', NULL, '2023-12-07'),
(435, 30, NULL, '09:00:00', '17:00:00', NULL, '2023-12-07'),
(436, 11, NULL, '09:00:00', '17:00:00', NULL, '2023-12-07'),
(437, 42, NULL, '09:00:00', '17:00:00', NULL, '2023-12-07'),
(438, 21, NULL, '09:00:00', '17:00:00', NULL, '2023-12-07'),
(439, 43, NULL, '09:00:00', '17:00:00', NULL, '2023-12-07'),
(440, 23, NULL, '09:00:00', '17:00:00', NULL, '2023-12-07'),
(441, 53, NULL, '09:00:00', '17:00:00', NULL, '2023-12-07'),
(442, 40, NULL, '09:00:00', '17:00:00', NULL, '2023-12-07'),
(443, 33, NULL, '09:00:00', '17:00:00', NULL, '2023-12-07'),
(444, 14, NULL, '09:00:00', '17:00:00', NULL, '2023-12-07'),
(445, 27, NULL, '09:00:00', '17:00:00', NULL, '2023-12-07'),
(446, 28, NULL, '09:00:00', '17:00:00', NULL, '2023-12-07'),
(447, 47, NULL, '09:00:00', '17:00:00', NULL, '2023-12-07'),
(448, 24, NULL, '09:00:00', '17:00:00', NULL, '2023-12-07'),
(449, 20, NULL, '09:00:00', '17:00:00', NULL, '2023-12-07'),
(450, 19, NULL, '09:00:00', '17:00:00', NULL, '2023-12-07'),
(451, 26, NULL, '09:00:00', '17:00:00', NULL, '2023-12-07'),
(452, 50, NULL, '09:00:00', '17:00:00', NULL, '2023-12-07'),
(453, 4, NULL, '09:00:00', '17:00:00', NULL, '2023-12-07'),
(454, 1, NULL, '09:00:00', '17:00:00', NULL, '2023-12-07'),
(455, 16, NULL, '09:00:00', '17:00:00', NULL, '2023-12-07'),
(456, 38, NULL, '09:00:00', '17:00:00', NULL, '2023-12-07'),
(457, 2, NULL, '09:00:00', '17:00:00', NULL, '2023-12-07'),
(458, 49, NULL, '09:00:00', '17:00:00', NULL, '2023-12-07'),
(459, 29, NULL, '09:00:00', '17:00:00', NULL, '2023-12-07'),
(460, 46, NULL, '09:00:00', '17:00:00', NULL, '2023-12-07'),
(461, 44, NULL, '09:00:00', '17:00:00', NULL, '2023-12-07'),
(462, 22, NULL, '09:00:00', '17:00:00', NULL, '2023-12-07'),
(463, 12, NULL, '09:00:00', '17:00:00', NULL, '2023-12-07'),
(464, 9, NULL, '09:00:00', '17:00:00', NULL, '2023-12-07'),
(465, 13, NULL, '09:00:00', '17:00:00', NULL, '2023-12-07'),
(466, 35, NULL, '09:00:00', '17:00:00', NULL, '2023-12-07'),
(467, 7, NULL, '09:00:00', '17:00:00', NULL, '2023-12-07'),
(468, 17, NULL, '09:00:00', '17:00:00', NULL, '2023-12-07'),
(469, 10, NULL, '09:00:00', '17:00:00', NULL, '2023-12-07'),
(470, 39, NULL, '09:00:00', '17:00:00', NULL, '2023-12-07'),
(471, 37, NULL, '09:00:00', '17:00:00', NULL, '2023-12-07'),
(472, 3, NULL, '09:00:00', '17:00:00', NULL, '2023-12-07'),
(473, 32, NULL, '09:00:00', '17:00:00', NULL, '2023-12-07'),
(474, 15, NULL, '09:00:00', '17:00:00', NULL, '2023-12-07'),
(475, 52, NULL, '09:00:00', '17:00:00', NULL, '2023-12-07'),
(476, 6, NULL, '09:00:00', '17:00:00', NULL, '2023-12-07'),
(477, 25, NULL, '09:00:00', '17:00:00', NULL, '2023-12-07'),
(478, 36, NULL, '09:00:00', '17:00:00', NULL, '2023-12-07'),
(479, 51, NULL, '09:00:00', '17:00:00', NULL, '2023-12-07'),
(480, 48, NULL, '09:00:00', '17:00:00', NULL, '2023-12-06'),
(481, 31, NULL, '09:00:00', '17:00:00', NULL, '2023-12-06'),
(482, 45, NULL, '09:00:00', '17:00:00', NULL, '2023-12-06'),
(483, 5, NULL, '09:00:00', '17:00:00', NULL, '2023-12-06'),
(484, 34, NULL, '09:00:00', '17:00:00', NULL, '2023-12-06'),
(485, 18, NULL, '09:00:00', '17:00:00', NULL, '2023-12-06'),
(486, 8, NULL, '09:00:00', '17:00:00', NULL, '2023-12-06'),
(487, 41, NULL, '09:00:00', '17:00:00', NULL, '2023-12-06'),
(488, 30, NULL, '09:00:00', '17:00:00', NULL, '2023-12-06'),
(489, 11, NULL, '09:00:00', '17:00:00', NULL, '2023-12-06'),
(490, 42, NULL, '09:00:00', '17:00:00', NULL, '2023-12-06'),
(491, 21, NULL, '09:00:00', '17:00:00', NULL, '2023-12-06'),
(492, 43, NULL, '09:00:00', '17:00:00', NULL, '2023-12-06'),
(493, 23, NULL, '09:00:00', '17:00:00', NULL, '2023-12-06'),
(494, 53, NULL, '09:00:00', '17:00:00', NULL, '2023-12-06'),
(495, 40, NULL, '09:00:00', '17:00:00', NULL, '2023-12-06'),
(496, 33, NULL, '09:00:00', '17:00:00', NULL, '2023-12-06'),
(497, 14, NULL, '09:00:00', '17:00:00', NULL, '2023-12-06'),
(498, 27, NULL, '09:00:00', '17:00:00', NULL, '2023-12-06'),
(499, 28, NULL, '09:00:00', '17:00:00', NULL, '2023-12-06'),
(500, 47, NULL, '09:00:00', '17:00:00', NULL, '2023-12-06'),
(501, 24, NULL, '09:00:00', '17:00:00', NULL, '2023-12-06'),
(502, 20, NULL, '09:00:00', '17:00:00', NULL, '2023-12-06'),
(503, 19, NULL, '09:00:00', '17:00:00', NULL, '2023-12-06'),
(504, 26, NULL, '09:00:00', '17:00:00', NULL, '2023-12-06'),
(505, 50, NULL, '09:00:00', '17:00:00', NULL, '2023-12-06'),
(506, 4, NULL, '09:00:00', '17:00:00', NULL, '2023-12-06'),
(507, 1, NULL, '09:00:00', '17:00:00', NULL, '2023-12-06'),
(508, 16, NULL, '09:00:00', '17:00:00', NULL, '2023-12-06'),
(509, 38, NULL, '09:00:00', '17:00:00', NULL, '2023-12-06'),
(510, 2, NULL, '09:00:00', '17:00:00', NULL, '2023-12-06'),
(511, 49, NULL, '09:00:00', '17:00:00', NULL, '2023-12-06'),
(512, 29, NULL, '09:00:00', '17:00:00', NULL, '2023-12-06'),
(513, 46, NULL, '09:00:00', '17:00:00', NULL, '2023-12-06'),
(514, 44, NULL, '09:00:00', '17:00:00', NULL, '2023-12-06'),
(515, 22, NULL, '09:00:00', '17:00:00', NULL, '2023-12-06'),
(516, 12, NULL, '09:00:00', '17:00:00', NULL, '2023-12-06'),
(517, 9, NULL, '09:00:00', '17:00:00', NULL, '2023-12-06'),
(518, 13, NULL, '09:00:00', '17:00:00', NULL, '2023-12-06'),
(519, 35, NULL, '09:00:00', '17:00:00', NULL, '2023-12-06'),
(520, 7, NULL, '09:00:00', '17:00:00', NULL, '2023-12-06'),
(521, 17, NULL, '09:00:00', '17:00:00', NULL, '2023-12-06'),
(522, 10, NULL, '09:00:00', '17:00:00', NULL, '2023-12-06'),
(523, 39, NULL, '09:00:00', '17:00:00', NULL, '2023-12-06'),
(524, 37, NULL, '09:00:00', '17:00:00', NULL, '2023-12-06'),
(525, 3, NULL, '09:00:00', '17:00:00', NULL, '2023-12-06'),
(526, 32, NULL, '09:00:00', '17:00:00', NULL, '2023-12-06'),
(527, 15, NULL, '09:00:00', '17:00:00', NULL, '2023-12-06'),
(528, 52, NULL, '09:00:00', '17:00:00', NULL, '2023-12-06'),
(529, 6, NULL, '09:00:00', '17:00:00', NULL, '2023-12-06'),
(530, 25, NULL, '09:00:00', '17:00:00', NULL, '2023-12-06'),
(531, 36, NULL, '09:00:00', '17:00:00', NULL, '2023-12-06'),
(532, 51, NULL, '09:00:00', '17:00:00', NULL, '2023-12-06'),
(533, 48, NULL, '09:00:00', '17:00:00', NULL, '2023-12-05'),
(534, 31, NULL, '09:00:00', '17:00:00', NULL, '2023-12-05'),
(535, 45, NULL, '09:00:00', '17:00:00', NULL, '2023-12-05'),
(536, 5, NULL, '09:00:00', '17:00:00', NULL, '2023-12-05'),
(537, 34, NULL, '09:00:00', '17:00:00', NULL, '2023-12-05'),
(538, 18, NULL, '09:00:00', '17:00:00', NULL, '2023-12-05'),
(539, 8, NULL, '09:00:00', '17:00:00', NULL, '2023-12-05'),
(540, 41, NULL, '09:00:00', '17:00:00', NULL, '2023-12-05'),
(541, 30, NULL, '09:00:00', '17:00:00', NULL, '2023-12-05'),
(542, 11, NULL, '09:00:00', '17:00:00', NULL, '2023-12-05'),
(543, 42, NULL, '09:00:00', '17:00:00', NULL, '2023-12-05'),
(544, 21, NULL, '09:00:00', '17:00:00', NULL, '2023-12-05'),
(545, 43, NULL, '09:00:00', '17:00:00', NULL, '2023-12-05'),
(546, 23, NULL, '09:00:00', '17:00:00', NULL, '2023-12-05'),
(547, 53, NULL, '09:00:00', '17:00:00', NULL, '2023-12-05'),
(548, 40, NULL, '09:00:00', '17:00:00', NULL, '2023-12-05'),
(549, 33, NULL, '09:00:00', '17:00:00', NULL, '2023-12-05'),
(550, 14, NULL, '09:00:00', '17:00:00', NULL, '2023-12-05'),
(551, 27, NULL, '09:00:00', '17:00:00', NULL, '2023-12-05'),
(552, 28, NULL, '09:00:00', '17:00:00', NULL, '2023-12-05'),
(553, 47, NULL, '09:00:00', '17:00:00', NULL, '2023-12-05'),
(554, 24, NULL, '09:00:00', '17:00:00', NULL, '2023-12-05'),
(555, 20, NULL, '09:00:00', '17:00:00', NULL, '2023-12-05'),
(556, 19, NULL, '09:00:00', '17:00:00', NULL, '2023-12-05'),
(557, 26, NULL, '09:00:00', '17:00:00', NULL, '2023-12-05'),
(558, 50, NULL, '09:00:00', '17:00:00', NULL, '2023-12-05'),
(559, 4, NULL, '09:00:00', '17:00:00', NULL, '2023-12-05'),
(560, 1, NULL, '09:00:00', '17:00:00', NULL, '2023-12-05'),
(561, 16, NULL, '09:00:00', '17:00:00', NULL, '2023-12-05'),
(562, 38, NULL, '09:00:00', '17:00:00', NULL, '2023-12-05'),
(563, 2, NULL, '09:00:00', '17:00:00', NULL, '2023-12-05'),
(564, 49, NULL, '09:00:00', '17:00:00', NULL, '2023-12-05'),
(565, 29, NULL, '09:00:00', '17:00:00', NULL, '2023-12-05'),
(566, 46, NULL, '09:00:00', '17:00:00', NULL, '2023-12-05'),
(567, 44, NULL, '09:00:00', '17:00:00', NULL, '2023-12-05'),
(568, 22, NULL, '09:00:00', '17:00:00', NULL, '2023-12-05'),
(569, 12, NULL, '09:00:00', '17:00:00', NULL, '2023-12-05'),
(570, 9, NULL, '09:00:00', '17:00:00', NULL, '2023-12-05'),
(571, 13, NULL, '09:00:00', '17:00:00', NULL, '2023-12-05'),
(572, 35, NULL, '09:00:00', '17:00:00', NULL, '2023-12-05'),
(573, 7, NULL, '09:00:00', '17:00:00', NULL, '2023-12-05'),
(574, 17, NULL, '09:00:00', '17:00:00', NULL, '2023-12-05'),
(575, 10, NULL, '09:00:00', '17:00:00', NULL, '2023-12-05'),
(576, 39, NULL, '09:00:00', '17:00:00', NULL, '2023-12-05'),
(577, 37, NULL, '09:00:00', '17:00:00', NULL, '2023-12-05'),
(578, 3, NULL, '09:00:00', '17:00:00', NULL, '2023-12-05'),
(579, 32, NULL, '09:00:00', '17:00:00', NULL, '2023-12-05'),
(580, 15, NULL, '09:00:00', '17:00:00', NULL, '2023-12-05'),
(581, 52, NULL, '09:00:00', '17:00:00', NULL, '2023-12-05'),
(582, 6, NULL, '09:00:00', '17:00:00', NULL, '2023-12-05'),
(583, 25, NULL, '09:00:00', '17:00:00', NULL, '2023-12-05'),
(584, 36, NULL, '09:00:00', '17:00:00', NULL, '2023-12-05'),
(585, 51, NULL, '09:00:00', '17:00:00', NULL, '2023-12-05'),
(586, 48, NULL, '09:00:00', '17:00:00', NULL, '2023-12-04'),
(587, 31, NULL, '09:00:00', '17:00:00', NULL, '2023-12-04'),
(588, 45, NULL, '09:00:00', '17:00:00', NULL, '2023-12-04'),
(589, 5, NULL, '09:00:00', '17:00:00', NULL, '2023-12-04'),
(590, 34, NULL, '09:00:00', '17:00:00', NULL, '2023-12-04'),
(591, 18, NULL, '09:00:00', '17:00:00', NULL, '2023-12-04'),
(592, 8, NULL, '09:00:00', '17:00:00', NULL, '2023-12-04'),
(593, 41, NULL, '09:00:00', '17:00:00', NULL, '2023-12-04'),
(594, 30, NULL, '09:00:00', '17:00:00', NULL, '2023-12-04'),
(595, 11, NULL, '09:00:00', '17:00:00', NULL, '2023-12-04'),
(596, 42, NULL, '09:00:00', '17:00:00', NULL, '2023-12-04'),
(597, 21, NULL, '09:00:00', '17:00:00', NULL, '2023-12-04'),
(598, 43, NULL, '09:00:00', '17:00:00', NULL, '2023-12-04'),
(599, 23, NULL, '09:00:00', '17:00:00', NULL, '2023-12-04'),
(600, 53, NULL, '09:00:00', '17:00:00', NULL, '2023-12-04'),
(601, 40, NULL, '09:00:00', '17:00:00', NULL, '2023-12-04'),
(602, 33, NULL, '09:00:00', '17:00:00', NULL, '2023-12-04'),
(603, 14, NULL, '09:00:00', '17:00:00', NULL, '2023-12-04'),
(604, 27, NULL, '09:00:00', '17:00:00', NULL, '2023-12-04'),
(605, 28, NULL, '09:00:00', '17:00:00', NULL, '2023-12-04'),
(606, 47, NULL, '09:00:00', '17:00:00', NULL, '2023-12-04'),
(607, 24, NULL, '09:00:00', '17:00:00', NULL, '2023-12-04'),
(608, 20, NULL, '09:00:00', '17:00:00', NULL, '2023-12-04'),
(609, 19, NULL, '09:00:00', '17:00:00', NULL, '2023-12-04'),
(610, 26, NULL, '09:00:00', '17:00:00', NULL, '2023-12-04'),
(611, 50, NULL, '09:00:00', '17:00:00', NULL, '2023-12-04'),
(612, 4, NULL, '09:00:00', '17:00:00', NULL, '2023-12-04'),
(613, 1, NULL, '09:00:00', '17:00:00', NULL, '2023-12-04'),
(614, 16, NULL, '09:00:00', '17:00:00', NULL, '2023-12-04'),
(615, 38, NULL, '09:00:00', '17:00:00', NULL, '2023-12-04'),
(616, 2, NULL, '09:00:00', '17:00:00', NULL, '2023-12-04'),
(617, 49, NULL, '09:00:00', '17:00:00', NULL, '2023-12-04'),
(618, 29, NULL, '09:00:00', '17:00:00', NULL, '2023-12-04'),
(619, 46, NULL, '09:00:00', '17:00:00', NULL, '2023-12-04'),
(620, 44, NULL, '09:00:00', '17:00:00', NULL, '2023-12-04'),
(621, 22, NULL, '09:00:00', '17:00:00', NULL, '2023-12-04'),
(622, 12, NULL, '09:00:00', '17:00:00', NULL, '2023-12-04'),
(623, 9, NULL, '09:00:00', '17:00:00', NULL, '2023-12-04'),
(624, 13, NULL, '09:00:00', '17:00:00', NULL, '2023-12-04'),
(625, 35, NULL, '09:00:00', '17:00:00', NULL, '2023-12-04'),
(626, 7, NULL, '09:00:00', '17:00:00', NULL, '2023-12-04'),
(627, 17, NULL, '09:00:00', '17:00:00', NULL, '2023-12-04'),
(628, 10, NULL, '09:00:00', '17:00:00', NULL, '2023-12-04'),
(629, 39, NULL, '09:00:00', '17:00:00', NULL, '2023-12-04'),
(630, 37, NULL, '09:00:00', '17:00:00', NULL, '2023-12-04'),
(631, 3, NULL, '09:00:00', '17:00:00', NULL, '2023-12-04'),
(632, 32, NULL, '09:00:00', '17:00:00', NULL, '2023-12-04'),
(633, 15, NULL, '09:00:00', '17:00:00', NULL, '2023-12-04'),
(634, 52, NULL, '09:00:00', '17:00:00', NULL, '2023-12-04'),
(635, 6, NULL, '09:00:00', '17:00:00', NULL, '2023-12-04'),
(636, 25, NULL, '09:00:00', '17:00:00', NULL, '2023-12-04'),
(637, 36, NULL, '09:00:00', '17:00:00', NULL, '2023-12-04'),
(638, 51, NULL, '09:00:00', '17:00:00', NULL, '2023-12-04'),
(639, 48, NULL, '09:00:00', '17:00:00', NULL, '2023-12-02'),
(640, 31, NULL, '09:00:00', '17:00:00', NULL, '2023-12-02'),
(641, 45, NULL, '09:00:00', '17:00:00', NULL, '2023-12-02'),
(642, 5, NULL, '09:00:00', '17:00:00', NULL, '2023-12-02'),
(643, 34, NULL, '09:00:00', '17:00:00', NULL, '2023-12-02'),
(644, 18, NULL, '09:00:00', '17:00:00', NULL, '2023-12-02'),
(645, 8, NULL, '09:00:00', '17:00:00', NULL, '2023-12-02'),
(646, 41, NULL, '09:00:00', '17:00:00', NULL, '2023-12-02'),
(647, 30, NULL, '09:00:00', '17:00:00', NULL, '2023-12-02'),
(648, 11, NULL, '09:00:00', '17:00:00', NULL, '2023-12-02'),
(649, 42, NULL, '09:00:00', '17:00:00', NULL, '2023-12-02'),
(650, 21, NULL, '09:00:00', '17:00:00', NULL, '2023-12-02'),
(651, 43, NULL, '09:00:00', '17:00:00', NULL, '2023-12-02'),
(652, 23, NULL, '09:00:00', '17:00:00', NULL, '2023-12-02'),
(653, 53, NULL, '09:00:00', '17:00:00', NULL, '2023-12-02'),
(654, 40, NULL, '09:00:00', '17:00:00', NULL, '2023-12-02'),
(655, 33, NULL, '09:00:00', '17:00:00', NULL, '2023-12-02'),
(656, 14, NULL, '09:00:00', '17:00:00', NULL, '2023-12-02'),
(657, 27, NULL, '09:00:00', '17:00:00', NULL, '2023-12-02'),
(658, 28, NULL, '09:00:00', '17:00:00', NULL, '2023-12-02'),
(659, 47, NULL, '09:00:00', '17:00:00', NULL, '2023-12-02'),
(660, 24, NULL, '09:00:00', '17:00:00', NULL, '2023-12-02'),
(661, 20, NULL, '09:00:00', '17:00:00', NULL, '2023-12-02'),
(662, 19, NULL, '09:00:00', '17:00:00', NULL, '2023-12-02'),
(663, 26, NULL, '09:00:00', '17:00:00', NULL, '2023-12-02'),
(664, 50, NULL, '09:00:00', '17:00:00', NULL, '2023-12-02'),
(665, 4, NULL, '09:00:00', '17:00:00', NULL, '2023-12-02'),
(666, 1, NULL, '09:00:00', '17:00:00', NULL, '2023-12-02'),
(667, 16, NULL, '09:00:00', '17:00:00', NULL, '2023-12-02'),
(668, 38, NULL, '09:00:00', '17:00:00', NULL, '2023-12-02'),
(669, 2, NULL, '09:00:00', '17:00:00', NULL, '2023-12-02'),
(670, 49, NULL, '09:00:00', '17:00:00', NULL, '2023-12-02'),
(671, 29, NULL, '09:00:00', '17:00:00', NULL, '2023-12-02'),
(672, 46, NULL, '09:00:00', '17:00:00', NULL, '2023-12-02'),
(673, 44, NULL, '09:00:00', '17:00:00', NULL, '2023-12-02'),
(674, 22, NULL, '09:00:00', '17:00:00', NULL, '2023-12-02'),
(675, 12, NULL, '09:00:00', '17:00:00', NULL, '2023-12-02'),
(676, 9, NULL, '09:00:00', '17:00:00', NULL, '2023-12-02'),
(677, 13, NULL, '09:00:00', '17:00:00', NULL, '2023-12-02'),
(678, 35, NULL, '09:00:00', '17:00:00', NULL, '2023-12-02'),
(679, 7, NULL, '09:00:00', '17:00:00', NULL, '2023-12-02'),
(680, 17, NULL, '09:00:00', '17:00:00', NULL, '2023-12-02'),
(681, 10, NULL, '09:00:00', '17:00:00', NULL, '2023-12-02'),
(682, 39, NULL, '09:00:00', '17:00:00', NULL, '2023-12-02'),
(683, 37, NULL, '09:00:00', '17:00:00', NULL, '2023-12-02'),
(684, 3, NULL, '09:00:00', '17:00:00', NULL, '2023-12-02'),
(685, 32, NULL, '09:00:00', '17:00:00', NULL, '2023-12-02'),
(686, 15, NULL, '09:00:00', '17:00:00', NULL, '2023-12-02'),
(687, 52, NULL, '09:00:00', '17:00:00', NULL, '2023-12-02'),
(688, 6, NULL, '09:00:00', '17:00:00', NULL, '2023-12-02'),
(689, 25, NULL, '09:00:00', '17:00:00', NULL, '2023-12-02'),
(690, 36, NULL, '09:00:00', '17:00:00', NULL, '2023-12-02'),
(691, 51, NULL, '09:00:00', '17:00:00', NULL, '2023-12-02'),
(692, 48, NULL, '09:00:00', '17:00:00', NULL, '2023-12-01'),
(693, 31, NULL, '09:00:00', '17:00:00', NULL, '2023-12-01'),
(694, 45, NULL, '09:00:00', '17:00:00', NULL, '2023-12-01'),
(695, 5, NULL, '09:00:00', '17:00:00', NULL, '2023-12-01'),
(696, 34, NULL, '09:00:00', '17:00:00', NULL, '2023-12-01'),
(697, 18, NULL, '09:00:00', '17:00:00', NULL, '2023-12-01'),
(698, 8, NULL, '09:00:00', '17:00:00', NULL, '2023-12-01'),
(699, 41, NULL, '09:00:00', '17:00:00', NULL, '2023-12-01'),
(700, 30, NULL, '09:00:00', '17:00:00', NULL, '2023-12-01'),
(701, 11, NULL, '09:00:00', '17:00:00', NULL, '2023-12-01'),
(702, 42, NULL, '09:00:00', '17:00:00', NULL, '2023-12-01'),
(703, 21, NULL, '09:00:00', '17:00:00', NULL, '2023-12-01'),
(704, 43, NULL, '09:00:00', '17:00:00', NULL, '2023-12-01'),
(705, 23, NULL, '09:00:00', '17:00:00', NULL, '2023-12-01'),
(706, 53, NULL, '09:00:00', '17:00:00', NULL, '2023-12-01'),
(707, 40, NULL, '09:00:00', '17:00:00', NULL, '2023-12-01'),
(708, 33, NULL, '09:00:00', '17:00:00', NULL, '2023-12-01'),
(709, 14, NULL, '09:00:00', '17:00:00', NULL, '2023-12-01'),
(710, 27, NULL, '09:00:00', '17:00:00', NULL, '2023-12-01'),
(711, 28, NULL, '09:00:00', '17:00:00', NULL, '2023-12-01'),
(712, 47, NULL, '09:00:00', '17:00:00', NULL, '2023-12-01'),
(713, 24, NULL, '09:00:00', '17:00:00', NULL, '2023-12-01'),
(714, 20, NULL, '09:00:00', '17:00:00', NULL, '2023-12-01'),
(715, 19, NULL, '09:00:00', '17:00:00', NULL, '2023-12-01'),
(716, 26, NULL, '09:00:00', '17:00:00', NULL, '2023-12-01'),
(717, 50, NULL, '09:00:00', '17:00:00', NULL, '2023-12-01'),
(718, 4, NULL, '09:00:00', '17:00:00', NULL, '2023-12-01'),
(719, 1, NULL, '09:00:00', '17:00:00', NULL, '2023-12-01'),
(720, 16, NULL, '09:00:00', '17:00:00', NULL, '2023-12-01'),
(721, 38, NULL, '09:00:00', '17:00:00', NULL, '2023-12-01'),
(722, 2, NULL, '09:00:00', '17:00:00', NULL, '2023-12-01'),
(723, 49, NULL, '09:00:00', '17:00:00', NULL, '2023-12-01'),
(724, 29, NULL, '09:00:00', '17:00:00', NULL, '2023-12-01'),
(725, 46, NULL, '09:00:00', '17:00:00', NULL, '2023-12-01'),
(726, 44, NULL, '09:00:00', '17:00:00', NULL, '2023-12-01'),
(727, 22, NULL, '09:00:00', '17:00:00', NULL, '2023-12-01'),
(728, 12, NULL, '09:00:00', '17:00:00', NULL, '2023-12-01'),
(729, 9, NULL, '09:00:00', '17:00:00', NULL, '2023-12-01'),
(730, 13, NULL, '09:00:00', '17:00:00', NULL, '2023-12-01'),
(731, 35, NULL, '09:00:00', '17:00:00', NULL, '2023-12-01'),
(732, 7, NULL, '09:00:00', '17:00:00', NULL, '2023-12-01'),
(733, 17, NULL, '09:00:00', '17:00:00', NULL, '2023-12-01'),
(734, 10, NULL, '09:00:00', '17:00:00', NULL, '2023-12-01'),
(735, 39, NULL, '09:00:00', '17:00:00', NULL, '2023-12-01'),
(736, 37, NULL, '09:00:00', '17:00:00', NULL, '2023-12-01'),
(737, 3, NULL, '09:00:00', '17:00:00', NULL, '2023-12-01'),
(738, 32, NULL, '09:00:00', '17:00:00', NULL, '2023-12-01'),
(739, 15, NULL, '09:00:00', '17:00:00', NULL, '2023-12-01'),
(740, 52, NULL, '09:00:00', '17:00:00', NULL, '2023-12-01'),
(741, 6, NULL, '09:00:00', '17:00:00', NULL, '2023-12-01'),
(742, 25, NULL, '09:00:00', '17:00:00', NULL, '2023-12-01'),
(743, 36, NULL, '09:00:00', '17:00:00', NULL, '2023-12-01'),
(744, 51, NULL, '09:00:00', '17:00:00', NULL, '2023-12-01');

INSERT INTO daysession (employeeID, timeIn, timeOut, dayStatus) VALUES
(1, '2023-12-01T01:07:39.000Z', '2023-12-01T07:37:54.071Z', 'late'),
(1, '2023-12-02T01:19:17.000Z', '2023-12-02T07:49:18.359Z', 'late'),
(1, '2023-12-04T01:57:21.000Z', NULL, 'pending'),
(1, '2023-12-05T00:31:39.000Z', NULL, 'pending'),
(1, '2023-12-06T01:13:57.000Z', '2023-12-06T07:12:42.199Z', 'late'),
(1, '2023-12-07T00:31:41.000Z', '2023-12-07T06:16:19.400Z', 'present'),
(1, '2023-12-08T00:29:47.000Z', '2023-12-08T06:56:38.444Z', 'present'),
(1, '2023-12-09T00:20:01.000Z', '2023-12-09T05:50:34.396Z', 'present'),
(2, '2023-12-01T01:02:38.000Z', '2023-12-01T06:36:40.261Z', 'late'),
(2, '2023-12-02T00:43:39.000Z', '2023-12-02T00:59:01.534Z', 'present'),
(2, '2023-12-04T01:24:44.000Z', '2023-12-04T03:17:40.451Z', 'late'),
(2, '2023-12-05T01:44:21.000Z', '2023-12-05T07:56:44.090Z', 'late'),
(2, '2023-12-06T01:36:02.000Z', NULL, 'pending'),
(2, '2023-12-07T00:39:34.000Z', '2023-12-07T09:33:13.197Z', 'present'),
(2, '2023-12-08T00:08:46.000Z', '2023-12-08T01:42:58.415Z', 'present'),
(2, '2023-12-09T00:08:20.000Z', '2023-12-09T08:31:59.208Z', 'present'),
(3, '2023-12-01T01:02:20.000Z', NULL, 'pending'),
(3, '2023-12-02T01:44:34.000Z', '2023-12-02T07:26:35.783Z', 'late'),
(3, '2023-12-04T00:12:06.000Z', '2023-12-04T07:31:34.912Z', 'present'),
(3, '2023-12-05T00:29:03.000Z', '2023-12-05T04:07:17.655Z', 'present'),
(3, '2023-12-06T00:29:49.000Z', '2023-12-06T05:55:08.988Z', 'present'),
(3, '2023-12-07T01:04:00.000Z', '2023-12-07T06:23:16.126Z', 'late'),
(3, '2023-12-08T00:14:08.000Z', '2023-12-08T00:32:23.459Z', 'present'),
(3, '2023-12-09T00:31:52.000Z', '2023-12-09T02:34:10.661Z', 'present'),
(4, '2023-12-01T01:57:42.000Z', '2023-12-01T10:20:22.241Z', 'late'),
(4, '2023-12-02T01:11:20.000Z', '2023-12-02T08:48:22.330Z', 'late'),
(4, '2023-12-04T00:46:07.000Z', '2023-12-04T04:42:15.452Z', 'present'),
(4, '2023-12-05T00:01:03.000Z', '2023-12-05T06:26:58.045Z', 'late'),
(4, '2023-12-06T00:00:43.000Z', '2023-12-06T09:09:01.426Z', 'present'),
(4, '2023-12-07T01:18:08.000Z', '2023-12-07T08:09:36.691Z', 'late'),
(4, '2023-12-08T01:31:38.000Z', '2023-12-08T03:46:29.207Z', 'late'),
(4, '2023-12-09T01:41:17.000Z', '2023-12-09T03:02:25.823Z', 'late'),
(5, '2023-12-01T00:27:25.000Z', '2023-12-01T07:03:09.888Z', 'present'),
(5, '2023-12-02T01:07:03.000Z', '2023-12-02T05:11:40.500Z', 'late'),
(5, '2023-12-04T01:27:08.000Z', '2023-12-04T01:32:29.073Z', 'late'),
(5, '2023-12-05T00:21:22.000Z', '2023-12-05T05:40:40.103Z', 'present'),
(5, '2023-12-06T00:22:55.000Z', '2023-12-06T05:29:19.010Z', 'present'),
(5, '2023-12-07T00:44:50.000Z', '2023-12-07T10:25:41.608Z', 'present'),
(5, '2023-12-08T00:35:23.000Z', '2023-12-08T01:11:19.869Z', 'present'),
(5, '2023-12-09T01:05:44.000Z', '2023-12-09T09:18:29.319Z', 'late'),
(6, '2023-12-01T00:05:36.000Z', '2023-12-01T02:53:49.513Z', 'present'),
(6, '2023-12-02T01:09:13.000Z', '2023-12-02T03:38:13.179Z', 'late'),
(6, '2023-12-04T01:10:02.000Z', '2023-12-04T05:45:45.424Z', 'late'),
(6, '2023-12-05T00:36:41.000Z', '2023-12-05T03:13:42.878Z', 'present'),
(6, '2023-12-06T01:52:31.000Z', NULL, 'pending'),
(6, '2023-12-07T01:09:02.000Z', '2023-12-07T06:01:21.388Z', 'late'),
(6, '2023-12-08T00:55:21.000Z', '2023-12-08T09:07:52.988Z', 'present'),
(6, '2023-12-09T00:22:42.000Z', '2023-12-09T09:19:30.626Z', 'present'),
(7, '2023-12-01T00:25:14.000Z', '2023-12-01T07:39:43.333Z', 'present'),
(7, '2023-12-02T00:39:19.000Z', '2023-12-02T04:01:09.842Z', 'present'),
(7, '2023-12-04T01:53:14.000Z', '2023-12-04T03:40:29.859Z', 'late'),
(7, '2023-12-05T01:10:32.000Z', '2023-12-05T08:49:10.680Z', 'late'),
(7, '2023-12-06T00:01:44.000Z', '2023-12-06T06:07:31.901Z', 'present'),
(7, '2023-12-07T00:17:37.000Z', '2023-12-07T06:21:14.963Z', 'present'),
(7, '2023-12-08T01:38:59.000Z', '2023-12-08T02:54:08.997Z', 'late'),
(7, '2023-12-09T00:29:35.000Z', '2023-12-09T04:14:10.633Z', 'present'),
(8, '2023-12-01T00:16:52.000Z', '2023-12-01T01:36:30.998Z', 'present'),
(8, '2023-12-02T00:26:44.000Z', '2023-12-02T07:56:14.958Z', 'present'),
(8, '2023-12-04T01:08:42.000Z', '2023-12-04T07:20:12.134Z', 'late'),
(8, '2023-12-05T01:36:44.000Z', '2023-12-05T08:27:56.621Z', 'late'),
(8, '2023-12-06T01:03:11.000Z', '2023-12-06T02:32:12.148Z', 'late'),
(8, '2023-12-07T01:32:37.000Z', '2023-12-07T02:21:26.586Z', 'late'),
(8, '2023-12-08T01:52:17.000Z', '2023-12-08T04:37:00.232Z', 'late'),
(8, '2023-12-09T01:38:18.000Z', '2023-12-09T04:21:06.998Z', 'late'),
(9, '2023-12-01T01:56:10.000Z', '2023-12-01T09:36:06.598Z', 'late'),
(9, '2023-12-02T00:32:50.000Z', '2023-12-02T05:09:21.338Z', 'present'),
(9, '2023-12-04T00:10:29.000Z', NULL, 'pending'),
(9, '2023-12-05T01:02:44.000Z', '2023-12-05T05:31:14.596Z', 'late'),
(9, '2023-12-06T01:23:54.000Z', '2023-12-06T08:41:12.367Z', 'late'),
(9, '2023-12-07T00:40:33.000Z', '2023-12-07T00:51:33.724Z', 'present'),
(9, '2023-12-08T01:56:51.000Z', '2023-12-08T04:58:08.101Z', 'late'),
(9, '2023-12-09T00:49:35.000Z', '2023-12-09T05:02:46.520Z', 'present'),
(10, '2023-12-01T00:09:02.000Z', '2023-12-01T09:10:29.926Z', 'present'),
(10, '2023-12-02T01:38:33.000Z', '2023-12-02T01:39:17.936Z', 'late'),
(10, '2023-12-04T01:28:01.000Z', '2023-12-04T07:21:36.853Z', 'late'),
(10, '2023-12-05T00:36:16.000Z', '2023-12-05T03:21:57.658Z', 'present'),
(10, '2023-12-06T00:18:05.000Z', '2023-12-06T07:26:11.171Z', 'present'),
(10, '2023-12-07T00:05:13.000Z', NULL, 'pending'),
(10, '2023-12-08T01:27:14.000Z', '2023-12-08T07:30:58.886Z', 'late'),
(10, '2023-12-09T01:19:40.000Z', '2023-12-09T04:59:59.718Z', 'late'),
(11, '2023-12-01T00:33:50.000Z', '2023-12-01T01:30:23.742Z', 'present'),
(11, '2023-12-02T01:17:46.000Z', '2023-12-02T09:42:49.816Z', 'late'),
(11, '2023-12-04T00:33:26.000Z', '2023-12-04T07:48:54.713Z', 'present'),
(11, '2023-12-05T00:07:18.000Z', '2023-12-05T03:40:44.394Z', 'present'),
(11, '2023-12-06T01:26:45.000Z', '2023-12-06T06:38:37.570Z', 'late'),
(11, '2023-12-07T01:54:38.000Z', '2023-12-07T04:41:47.981Z', 'late'),
(11, '2023-12-08T00:01:06.000Z', '2023-12-08T07:33:35.615Z', 'present'),
(11, '2023-12-09T00:23:22.000Z', '2023-12-09T08:18:14.271Z', 'present'),
(12, '2023-12-01T00:49:57.000Z', '2023-12-01T02:54:26.564Z', 'late'),
(12, '2023-12-02T01:49:41.000Z', '2023-12-02T10:02:06.098Z', 'late'),
(12, '2023-12-04T01:50:32.000Z', '2023-12-04T07:34:02.218Z', 'late'),
(12, '2023-12-05T00:48:40.000Z', '2023-12-05T04:51:49.272Z', 'present'),
(12, '2023-12-06T00:14:58.000Z', '2023-12-06T02:26:36.880Z', 'present'),
(12, '2023-12-07T00:24:16.000Z', '2023-12-07T08:33:29.227Z', 'present'),
(12, '2023-12-08T00:32:53.000Z', '2023-12-08T01:49:36.680Z', 'present'),
(12, '2023-12-09T01:09:34.000Z', '2023-12-09T09:48:15.757Z', 'late'),
(13, '2023-12-01T00:41:36.000Z', '2023-12-01T08:07:33.223Z', 'present'),
(13, '2023-12-02T00:03:39.000Z', '2023-12-02T04:15:37.738Z', 'present'),
(13, '2023-12-04T01:12:29.000Z', NULL, 'pending'),
(13, '2023-12-05T00:15:55.000Z', '2023-12-05T01:37:04.644Z', 'present'),
(13, '2023-12-06T01:35:25.000Z', '2023-12-06T03:38:06.127Z', 'late'),
(13, '2023-12-07T01:49:33.000Z', '2023-12-07T09:22:11.740Z', 'late'),
(13, '2023-12-08T01:15:34.000Z', '2023-12-08T06:19:57.717Z', 'late'),
(13, '2023-12-09T01:02:33.000Z', '2023-12-09T03:31:12.550Z', 'late'),
(14, '2023-12-01T01:09:36.000Z', '2023-12-01T05:27:27.135Z', 'late'),
(14, '2023-12-02T00:22:31.000Z', '2023-12-02T01:57:25.081Z', 'present'),
(14, '2023-12-04T01:58:56.000Z', '2023-12-04T02:59:23.140Z', 'late'),
(14, '2023-12-05T01:36:31.000Z', '2023-12-05T07:49:05.371Z', 'late'),
(14, '2023-12-06T01:31:55.000Z', '2023-12-06T01:37:42.341Z', 'late'),
(14, '2023-12-07T01:33:29.000Z', '2023-12-07T08:52:01.908Z', 'late'),
(14, '2023-12-08T00:14:24.000Z', '2023-12-08T02:19:07.628Z', 'present'),
(14, '2023-12-09T01:06:20.000Z', '2023-12-09T06:23:25.610Z', 'late'),
(15, '2023-12-01T01:45:01.000Z', '2023-12-01T08:01:53.851Z', 'late'),
(15, '2023-12-02T00:05:52.000Z', '2023-12-02T02:06:24.245Z', 'present'),
(15, '2023-12-04T00:17:26.000Z', NULL, 'pending'),
(15, '2023-12-05T01:07:19.000Z', '2023-12-05T06:18:10.127Z', 'late'),
(15, '2023-12-06T01:08:01.000Z', '2023-12-06T05:48:32.654Z', 'late'),
(15, '2023-12-07T00:27:55.000Z', '2023-12-07T07:07:59.750Z', 'present'),
(15, '2023-12-08T00:55:27.000Z', '2023-12-08T08:42:33.195Z', 'present'),
(15, '2023-12-09T00:36:35.000Z', '2023-12-09T09:54:20.752Z', 'late'),
(16, '2023-12-01T01:32:56.000Z', NULL, 'pending'),
(16, '2023-12-02T01:27:08.000Z', '2023-12-02T08:46:24.461Z', 'late'),
(16, '2023-12-04T00:59:36.000Z', '2023-12-04T09:04:00.695Z', 'present'),
(16, '2023-12-05T01:04:26.000Z', '2023-12-05T05:42:36.037Z', 'late'),
(16, '2023-12-06T01:50:41.000Z', NULL, 'pending'),
(16, '2023-12-07T01:03:02.000Z', '2023-12-07T03:07:22.040Z', 'late'),
(16, '2023-12-08T00:20:14.000Z', '2023-12-08T02:01:59.140Z', 'present'),
(16, '2023-12-09T00:35:31.000Z', '2023-12-09T03:16:41.652Z', 'present'),
(17, '2023-12-01T00:34:19.000Z', '2023-12-01T05:53:07.241Z', 'present'),
(17, '2023-12-02T00:55:57.000Z', '2023-12-02T09:23:52.277Z', 'present'),
(17, '2023-12-04T00:52:07.000Z', '2023-12-04T01:48:05.062Z', 'present'),
(17, '2023-12-05T00:18:18.000Z', '2023-12-05T02:30:40.063Z', 'present'),
(17, '2023-12-06T00:36:27.000Z', '2023-12-06T01:29:06.283Z', 'present'),
(17, '2023-12-07T01:36:20.000Z', '2023-12-07T08:10:20.241Z', 'late'),
(17, '2023-12-08T00:30:12.000Z', '2023-12-08T01:06:31.185Z', 'present'),
(17, '2023-12-09T01:57:13.000Z', '2023-12-09T02:45:38.237Z', 'late'),
(18, '2023-12-01T00:34:20.000Z', '2023-12-01T07:09:02.576Z', 'present'),
(18, '2023-12-02T00:46:10.000Z', '2023-12-02T00:58:50.888Z', 'present'),
(18, '2023-12-04T00:18:05.000Z', '2023-12-04T07:37:42.611Z', 'present'),
(18, '2023-12-05T01:31:31.000Z', '2023-12-05T04:52:19.589Z', 'late'),
(18, '2023-12-06T00:43:48.000Z', NULL, 'pending'),
(18, '2023-12-07T00:07:45.000Z', NULL, 'pending'),
(18, '2023-12-08T00:06:31.000Z', '2023-12-08T05:11:36.697Z', 'late'),
(18, '2023-12-09T00:57:59.000Z', '2023-12-09T07:31:15.987Z', 'present'),
(19, '2023-12-01T01:14:00.000Z', NULL, 'pending'),
(19, '2023-12-02T00:18:44.000Z', '2023-12-02T03:27:29.283Z', 'present'),
(19, '2023-12-04T01:05:30.000Z', '2023-12-04T06:18:51.000Z', 'late'),
(19, '2023-12-05T00:14:40.000Z', '2023-12-05T01:39:50.126Z', 'present'),
(19, '2023-12-06T00:49:44.000Z', '2023-12-06T00:52:08.116Z', 'present'),
(19, '2023-12-07T01:06:28.000Z', '2023-12-07T03:52:53.788Z', 'late'),
(19, '2023-12-08T00:07:23.000Z', '2023-12-08T08:20:17.558Z', 'late'),
(19, '2023-12-09T01:30:01.000Z', '2023-12-09T10:08:32.197Z', 'late'),
(20, '2023-12-01T01:34:39.000Z', '2023-12-01T04:02:24.997Z', 'late'),
(20, '2023-12-02T01:20:46.000Z', '2023-12-02T06:28:07.373Z', 'late'),
(20, '2023-12-04T01:53:32.000Z', '2023-12-04T04:38:01.458Z', 'late'),
(20, '2023-12-05T00:26:09.000Z', '2023-12-05T04:53:23.127Z', 'present'),
(20, '2023-12-06T01:52:18.000Z', '2023-12-06T06:03:30.272Z', 'late'),
(20, '2023-12-07T00:07:02.000Z', '2023-12-07T10:03:52.271Z', 'present'),
(20, '2023-12-08T00:40:45.000Z', '2023-12-08T04:08:47.954Z', 'late'),
(20, '2023-12-09T01:58:54.000Z', NULL, 'pending'),
(21, '2023-12-01T00:04:51.000Z', '2023-12-01T06:19:56.682Z', 'present'),
(21, '2023-12-02T01:42:56.000Z', '2023-12-02T02:21:06.844Z', 'late'),
(21, '2023-12-04T00:17:45.000Z', '2023-12-04T06:56:42.843Z', 'present'),
(21, '2023-12-05T01:21:42.000Z', '2023-12-05T04:08:31.326Z', 'late'),
(21, '2023-12-06T00:57:00.000Z', '2023-12-06T05:24:49.846Z', 'present'),
(21, '2023-12-07T01:38:24.000Z', '2023-12-07T03:38:30.070Z', 'late'),
(21, '2023-12-08T00:13:26.000Z', '2023-12-08T01:08:39.925Z', 'present'),
(21, '2023-12-09T00:35:39.000Z', '2023-12-09T08:44:00.570Z', 'present'),
(22, '2023-12-01T01:48:22.000Z', '2023-12-01T03:39:55.492Z', 'late'),
(22, '2023-12-02T00:00:06.000Z', NULL, 'pending'),
(22, '2023-12-04T01:36:14.000Z', '2023-12-04T09:55:31.805Z', 'late'),
(22, '2023-12-05T00:43:01.000Z', '2023-12-05T05:56:41.936Z', 'present'),
(22, '2023-12-06T01:02:11.000Z', '2023-12-06T09:09:20.411Z', 'late'),
(22, '2023-12-07T00:40:26.000Z', '2023-12-07T03:25:42.397Z', 'present'),
(22, '2023-12-08T00:47:31.000Z', '2023-12-08T03:06:33.810Z', 'present'),
(22, '2023-12-09T00:31:52.000Z', '2023-12-09T01:09:57.105Z', 'present'),
(23, '2023-12-01T01:54:59.000Z', '2023-12-01T02:17:05.589Z', 'late'),
(23, '2023-12-02T01:20:18.000Z', '2023-12-02T03:02:12.775Z', 'late'),
(23, '2023-12-04T00:32:51.000Z', '2023-12-04T06:47:46.071Z', 'present'),
(23, '2023-12-05T00:29:38.000Z', '2023-12-05T07:55:18.947Z', 'present'),
(23, '2023-12-06T00:36:37.000Z', '2023-12-06T04:43:27.238Z', 'present'),
(23, '2023-12-07T00:47:10.000Z', '2023-12-07T06:42:54.902Z', 'present'),
(23, '2023-12-08T01:59:35.000Z', '2023-12-08T03:50:40.124Z', 'late'),
(23, '2023-12-09T01:34:07.000Z', '2023-12-09T10:06:32.000Z', 'late'),
(24, '2023-12-01T00:49:34.000Z', '2023-12-01T05:59:19.595Z', 'present'),
(24, '2023-12-02T00:26:06.000Z', '2023-12-02T09:02:23.355Z', 'present'),
(24, '2023-12-04T00:25:30.000Z', '2023-12-04T03:30:39.973Z', 'present'),
(24, '2023-12-05T00:01:29.000Z', '2023-12-05T00:12:02.117Z', 'present'),
(24, '2023-12-06T01:41:27.000Z', '2023-12-06T04:08:17.637Z', 'late'),
(24, '2023-12-07T01:33:55.000Z', '2023-12-07T08:41:05.862Z', 'late'),
(24, '2023-12-08T00:35:47.000Z', '2023-12-08T06:23:56.640Z', 'present'),
(24, '2023-12-09T01:43:24.000Z', '2023-12-09T03:52:29.396Z', 'late'),
(25, '2023-12-01T01:34:20.000Z', '2023-12-01T07:26:58.275Z', 'late'),
(25, '2023-12-02T00:09:41.000Z', '2023-12-02T06:59:49.434Z', 'present'),
(25, '2023-12-04T01:38:50.000Z', '2023-12-04T08:18:09.033Z', 'late'),
(25, '2023-12-05T01:19:49.000Z', '2023-12-05T08:15:18.827Z', 'late'),
(25, '2023-12-06T00:46:27.000Z', NULL, 'pending'),
(25, '2023-12-07T01:06:16.000Z', '2023-12-07T02:57:17.543Z', 'late'),
(25, '2023-12-08T00:56:22.000Z', '2023-12-08T03:08:16.712Z', 'present'),
(25, '2023-12-09T00:54:17.000Z', NULL, 'pending'),
(26, '2023-12-01T01:40:53.000Z', '2023-12-01T07:34:18.977Z', 'late'),
(26, '2023-12-02T00:55:29.000Z', '2023-12-02T01:10:33.714Z', 'present'),
(26, '2023-12-04T01:35:28.000Z', NULL, 'pending'),
(26, '2023-12-05T01:43:40.000Z', '2023-12-05T10:28:37.082Z', 'late'),
(26, '2023-12-06T00:54:55.000Z', NULL, 'pending'),
(26, '2023-12-07T01:24:59.000Z', '2023-12-07T09:38:47.165Z', 'late'),
(26, '2023-12-08T01:56:39.000Z', '2023-12-08T07:25:31.150Z', 'late'),
(26, '2023-12-09T00:15:36.000Z', '2023-12-09T08:18:33.403Z', 'present'),
(27, '2023-12-01T00:24:46.000Z', '2023-12-01T07:05:18.390Z', 'present'),
(27, '2023-12-02T00:13:17.000Z', '2023-12-02T06:38:12.024Z', 'present'),
(27, '2023-12-04T00:45:53.000Z', '2023-12-04T03:58:36.746Z', 'present'),
(27, '2023-12-05T01:54:43.000Z', '2023-12-05T05:11:34.518Z', 'late'),
(27, '2023-12-06T00:41:15.000Z', '2023-12-06T01:12:17.640Z', 'late'),
(27, '2023-12-07T00:56:53.000Z', '2023-12-07T04:48:38.357Z', 'present'),
(27, '2023-12-08T00:54:40.000Z', '2023-12-08T01:57:42.754Z', 'present'),
(27, '2023-12-09T01:04:17.000Z', '2023-12-09T06:29:50.356Z', 'late'),
(28, '2023-12-01T00:41:26.000Z', '2023-12-01T07:10:26.115Z', 'present'),
(28, '2023-12-02T01:45:07.000Z', NULL, 'pending'),
(28, '2023-12-04T00:47:08.000Z', '2023-12-04T10:28:40.747Z', 'late'),
(28, '2023-12-05T00:49:41.000Z', '2023-12-05T01:34:18.977Z', 'present'),
(28, '2023-12-06T01:35:43.000Z', '2023-12-06T10:09:39.181Z', 'late'),
(28, '2023-12-07T01:33:11.000Z', '2023-12-07T09:39:17.133Z', 'late'),
(28, '2023-12-08T01:45:19.000Z', '2023-12-08T02:39:59.482Z', 'late'),
(28, '2023-12-09T00:49:46.000Z', '2023-12-09T08:23:18.708Z', 'present'),
(29, '2023-12-01T00:27:57.000Z', '2023-12-01T04:02:53.082Z', 'present'),
(29, '2023-12-02T01:28:18.000Z', '2023-12-02T05:32:22.193Z', 'late'),
(29, '2023-12-04T00:34:45.000Z', '2023-12-04T09:53:28.014Z', 'present'),
(29, '2023-12-05T01:41:34.000Z', '2023-12-05T03:45:51.306Z', 'late'),
(29, '2023-12-06T01:46:12.000Z', '2023-12-06T04:04:49.874Z', 'late'),
(29, '2023-12-07T00:40:32.000Z', '2023-12-07T03:14:38.572Z', 'late'),
(29, '2023-12-08T01:57:20.000Z', '2023-12-08T02:34:55.187Z', 'late'),
(29, '2023-12-09T00:36:20.000Z', NULL, 'pending'),
(30, '2023-12-01T00:23:06.000Z', '2023-12-01T04:22:59.951Z', 'present'),
(30, '2023-12-02T01:48:30.000Z', '2023-12-02T08:16:45.793Z', 'late'),
(30, '2023-12-04T01:51:38.000Z', '2023-12-04T10:30:51.326Z', 'late'),
(30, '2023-12-05T01:14:10.000Z', '2023-12-05T04:43:12.506Z', 'late'),
(30, '2023-12-06T00:53:35.000Z', '2023-12-06T03:34:32.266Z', 'late'),
(30, '2023-12-07T01:02:17.000Z', '2023-12-07T07:43:44.016Z', 'late'),
(30, '2023-12-08T01:54:37.000Z', '2023-12-08T05:49:57.933Z', 'late'),
(30, '2023-12-09T00:54:45.000Z', '2023-12-09T05:21:32.009Z', 'present'),
(31, '2023-12-01T01:46:37.000Z', '2023-12-01T08:18:46.923Z', 'late'),
(31, '2023-12-02T01:54:48.000Z', NULL, 'pending'),
(31, '2023-12-04T01:05:03.000Z', '2023-12-04T08:35:46.423Z', 'late'),
(31, '2023-12-05T01:12:27.000Z', '2023-12-05T08:28:23.099Z', 'late'),
(31, '2023-12-06T00:48:08.000Z', '2023-12-06T01:20:42.106Z', 'present'),
(31, '2023-12-07T00:34:37.000Z', '2023-12-07T08:24:48.387Z', 'present'),
(31, '2023-12-08T01:28:23.000Z', '2023-12-08T03:30:07.071Z', 'late'),
(31, '2023-12-09T01:42:22.000Z', '2023-12-09T04:21:14.838Z', 'late'),
(32, '2023-12-01T01:29:42.000Z', '2023-12-01T03:25:32.836Z', 'late'),
(32, '2023-12-02T01:26:13.000Z', '2023-12-02T06:02:28.478Z', 'late'),
(32, '2023-12-04T00:14:06.000Z', '2023-12-04T02:55:25.628Z', 'present'),
(32, '2023-12-05T00:49:59.000Z', '2023-12-05T01:15:45.403Z', 'late'),
(32, '2023-12-06T01:03:30.000Z', NULL, 'pending'),
(32, '2023-12-07T00:43:12.000Z', '2023-12-07T02:36:34.285Z', 'present'),
(32, '2023-12-08T00:06:23.000Z', NULL, 'pending'),
(32, '2023-12-09T00:22:38.000Z', '2023-12-09T06:17:31.298Z', 'present'),
(33, '2023-12-01T00:49:39.000Z', '2023-12-01T06:13:15.393Z', 'present'),
(33, '2023-12-02T01:22:15.000Z', '2023-12-02T02:23:30.087Z', 'late'),
(33, '2023-12-04T00:57:46.000Z', '2023-12-04T02:21:32.354Z', 'late'),
(33, '2023-12-05T00:58:03.000Z', NULL, 'pending'),
(33, '2023-12-06T01:57:55.000Z', '2023-12-06T09:44:21.990Z', 'late'),
(33, '2023-12-07T00:55:19.000Z', '2023-12-07T06:34:41.848Z', 'present'),
(33, '2023-12-08T01:43:45.000Z', '2023-12-08T05:45:21.702Z', 'late'),
(33, '2023-12-09T01:32:23.000Z', '2023-12-09T08:39:49.207Z', 'late'),
(34, '2023-12-01T00:31:37.000Z', '2023-12-01T05:20:59.977Z', 'present'),
(34, '2023-12-02T01:01:37.000Z', '2023-12-02T07:45:11.025Z', 'late'),
(34, '2023-12-04T01:10:42.000Z', '2023-12-04T07:47:02.180Z', 'late'),
(34, '2023-12-05T01:34:37.000Z', '2023-12-05T08:04:22.938Z', 'late'),
(34, '2023-12-06T00:08:12.000Z', '2023-12-06T09:53:16.233Z', 'present'),
(34, '2023-12-07T00:01:50.000Z', '2023-12-07T07:18:13.797Z', 'present'),
(34, '2023-12-08T01:33:20.000Z', NULL, 'pending'),
(34, '2023-12-09T00:07:10.000Z', NULL, 'pending'),
(35, '2023-12-01T01:09:53.000Z', '2023-12-01T05:58:42.391Z', 'late'),
(35, '2023-12-02T01:04:52.000Z', '2023-12-02T06:24:53.410Z', 'late'),
(35, '2023-12-04T01:49:05.000Z', '2023-12-04T08:40:18.448Z', 'late'),
(35, '2023-12-05T01:01:39.000Z', NULL, 'pending'),
(35, '2023-12-06T01:43:58.000Z', '2023-12-06T02:04:48.314Z', 'late'),
(35, '2023-12-07T00:25:34.000Z', '2023-12-07T00:38:59.536Z', 'present'),
(35, '2023-12-08T00:05:48.000Z', NULL, 'pending'),
(35, '2023-12-09T00:39:50.000Z', '2023-12-09T03:19:54.045Z', 'present'),
(36, '2023-12-01T01:21:13.000Z', '2023-12-01T05:01:40.385Z', 'late'),
(36, '2023-12-02T00:10:40.000Z', '2023-12-02T02:41:45.549Z', 'present'),
(36, '2023-12-04T00:02:32.000Z', '2023-12-04T07:44:06.481Z', 'present'),
(36, '2023-12-05T00:23:48.000Z', '2023-12-05T08:57:59.728Z', 'present'),
(36, '2023-12-06T01:48:30.000Z', '2023-12-06T02:43:54.454Z', 'late'),
(36, '2023-12-07T00:25:05.000Z', '2023-12-07T02:03:15.753Z', 'present'),
(36, '2023-12-08T00:10:55.000Z', '2023-12-08T06:41:59.058Z', 'present'),
(36, '2023-12-09T01:12:31.000Z', '2023-12-09T06:59:11.183Z', 'late'),
(37, '2023-12-01T01:23:01.000Z', NULL, 'pending'),
(37, '2023-12-02T01:32:01.000Z', '2023-12-02T05:18:08.289Z', 'late'),
(37, '2023-12-04T01:19:10.000Z', NULL, 'pending'),
(37, '2023-12-05T01:50:30.000Z', '2023-12-05T03:39:45.167Z', 'late'),
(37, '2023-12-06T01:47:34.000Z', '2023-12-06T08:51:52.824Z', 'late'),
(37, '2023-12-07T01:59:27.000Z', '2023-12-07T07:11:31.824Z', 'late'),
(37, '2023-12-08T00:45:09.000Z', '2023-12-08T10:28:04.439Z', 'present'),
(37, '2023-12-09T00:43:21.000Z', '2023-12-09T03:18:10.515Z', 'present'),
(38, '2023-12-01T00:49:54.000Z', '2023-12-01T04:40:31.659Z', 'present'),
(38, '2023-12-02T01:18:51.000Z', NULL, 'pending'),
(38, '2023-12-04T00:27:02.000Z', '2023-12-04T06:43:58.124Z', 'present'),
(38, '2023-12-05T01:09:37.000Z', '2023-12-05T03:03:10.291Z', 'late'),
(38, '2023-12-06T01:05:38.000Z', '2023-12-06T03:43:34.931Z', 'late'),
(38, '2023-12-07T00:58:01.000Z', '2023-12-07T09:22:35.791Z', 'present'),
(38, '2023-12-08T00:30:37.000Z', '2023-12-08T01:29:23.331Z', 'present'),
(38, '2023-12-09T00:50:00.000Z', '2023-12-09T07:53:40.052Z', 'late'),
(39, '2023-12-01T01:57:03.000Z', '2023-12-01T02:03:48.912Z', 'late'),
(39, '2023-12-02T01:26:49.000Z', '2023-12-02T02:04:32.809Z', 'late'),
(39, '2023-12-04T01:12:53.000Z', '2023-12-04T04:01:20.390Z', 'late'),
(39, '2023-12-05T00:03:55.000Z', NULL, 'pending'),
(39, '2023-12-06T00:07:14.000Z', '2023-12-06T02:24:08.340Z', 'present'),
(39, '2023-12-07T01:57:30.000Z', '2023-12-07T07:20:51.436Z', 'late'),
(39, '2023-12-08T01:35:30.000Z', '2023-12-08T02:14:08.194Z', 'late'),
(39, '2023-12-09T00:36:37.000Z', '2023-12-09T08:15:15.039Z', 'present'),
(40, '2023-12-01T01:54:52.000Z', '2023-12-01T02:38:15.513Z', 'late'),
(40, '2023-12-02T00:46:39.000Z', '2023-12-02T01:35:13.273Z', 'present'),
(40, '2023-12-04T00:55:21.000Z', '2023-12-04T04:31:41.773Z', 'present'),
(40, '2023-12-05T01:52:00.000Z', '2023-12-05T04:25:27.909Z', 'late'),
(40, '2023-12-06T00:13:22.000Z', '2023-12-06T09:39:50.841Z', 'present'),
(40, '2023-12-07T01:20:03.000Z', '2023-12-07T05:32:26.181Z', 'late'),
(40, '2023-12-08T00:02:25.000Z', '2023-12-08T03:38:13.510Z', 'present'),
(40, '2023-12-09T01:46:53.000Z', '2023-12-09T10:40:21.912Z', 'late'),
(41, '2023-12-01T00:30:46.000Z', '2023-12-01T01:25:26.217Z', 'present'),
(41, '2023-12-02T01:24:44.000Z', '2023-12-02T07:49:07.159Z', 'late'),
(41, '2023-12-04T00:52:20.000Z', '2023-12-04T02:06:28.433Z', 'present'),
(41, '2023-12-05T01:53:28.000Z', '2023-12-05T03:25:55.390Z', 'late'),
(41, '2023-12-06T00:14:41.000Z', '2023-12-06T00:25:57.364Z', 'present'),
(41, '2023-12-07T01:12:10.000Z', '2023-12-07T03:38:00.708Z', 'late'),
(41, '2023-12-08T01:47:30.000Z', '2023-12-08T03:43:30.273Z', 'late'),
(41, '2023-12-09T00:49:48.000Z', '2023-12-09T04:28:22.542Z', 'present'),
(42, '2023-12-01T00:27:26.000Z', '2023-12-01T00:32:40.715Z', 'present'),
(42, '2023-12-02T01:30:17.000Z', NULL, 'pending'),
(42, '2023-12-04T00:57:54.000Z', '2023-12-04T09:32:28.070Z', 'present'),
(42, '2023-12-05T00:48:15.000Z', '2023-12-05T08:06:37.868Z', 'present'),
(42, '2023-12-06T01:10:55.000Z', '2023-12-06T04:58:07.726Z', 'late'),
(42, '2023-12-07T01:50:46.000Z', '2023-12-07T02:29:11.992Z', 'late'),
(42, '2023-12-08T01:08:39.000Z', '2023-12-08T06:18:46.368Z', 'late'),
(42, '2023-12-09T01:01:18.000Z', '2023-12-09T05:07:05.755Z', 'late'),
(43, '2023-12-01T01:07:17.000Z', '2023-12-01T04:31:44.850Z', 'late'),
(43, '2023-12-02T01:36:16.000Z', '2023-12-02T10:02:11.555Z', 'late'),
(43, '2023-12-04T01:25:00.000Z', NULL, 'pending'),
(43, '2023-12-05T00:58:28.000Z', NULL, 'pending'),
(43, '2023-12-06T01:11:58.000Z', '2023-12-06T04:04:31.192Z', 'late'),
(43, '2023-12-07T00:59:46.000Z', '2023-12-07T08:12:17.963Z', 'present'),
(43, '2023-12-08T00:51:47.000Z', '2023-12-08T01:34:25.231Z', 'present'),
(43, '2023-12-09T01:19:41.000Z', '2023-12-09T09:49:04.974Z', 'late'),
(44, '2023-12-01T00:34:42.000Z', '2023-12-01T10:25:42.386Z', 'present'),
(44, '2023-12-02T01:42:55.000Z', '2023-12-02T05:31:55.127Z', 'late'),
(44, '2023-12-04T00:32:47.000Z', '2023-12-04T01:49:36.958Z', 'present'),
(44, '2023-12-05T01:18:20.000Z', '2023-12-05T06:31:32.987Z', 'late'),
(44, '2023-12-06T00:54:59.000Z', '2023-12-06T02:37:37.738Z', 'present'),
(44, '2023-12-07T01:33:20.000Z', '2023-12-07T07:34:45.130Z', 'late'),
(44, '2023-12-08T00:00:54.000Z', '2023-12-08T02:41:43.962Z', 'present'),
(44, '2023-12-09T00:49:50.000Z', NULL, 'pending'),
(45, '2023-12-01T00:33:01.000Z', NULL, 'pending'),
(45, '2023-12-02T01:35:07.000Z', '2023-12-02T07:57:36.063Z', 'late'),
(45, '2023-12-04T01:28:35.000Z', '2023-12-04T02:39:55.315Z', 'late'),
(45, '2023-12-05T00:30:17.000Z', '2023-12-05T03:04:16.507Z', 'present'),
(45, '2023-12-06T00:42:23.000Z', '2023-12-06T06:41:10.521Z', 'present'),
(45, '2023-12-07T00:56:40.000Z', '2023-12-07T08:29:48.224Z', 'present'),
(45, '2023-12-08T01:06:31.000Z', '2023-12-08T08:02:26.472Z', 'late'),
(45, '2023-12-09T01:35:41.000Z', '2023-12-09T05:20:00.799Z', 'late'),
(46, '2023-12-01T00:27:45.000Z', '2023-12-01T00:49:11.479Z', 'present'),
(46, '2023-12-02T00:57:15.000Z', '2023-12-02T08:34:03.534Z', 'present'),
(46, '2023-12-04T01:48:52.000Z', '2023-12-04T07:48:51.750Z', 'late'),
(46, '2023-12-05T01:52:43.000Z', '2023-12-05T04:32:34.606Z', 'late'),
(46, '2023-12-06T00:50:04.000Z', '2023-12-06T04:33:14.479Z', 'present'),
(46, '2023-12-07T00:14:08.000Z', '2023-12-07T08:59:04.871Z', 'present'),
(46, '2023-12-08T01:46:18.000Z', '2023-12-08T08:39:29.865Z', 'late'),
(46, '2023-12-09T00:53:42.000Z', '2023-12-09T04:54:34.295Z', 'present'),
(47, '2023-12-01T00:59:04.000Z', '2023-12-01T07:33:57.674Z', 'present'),
(47, '2023-12-02T01:33:13.000Z', '2023-12-02T06:06:07.617Z', 'late'),
(47, '2023-12-04T00:15:52.000Z', '2023-12-04T01:59:32.953Z', 'present'),
(47, '2023-12-05T00:09:05.000Z', '2023-12-05T08:27:26.903Z', 'present'),
(47, '2023-12-06T01:37:54.000Z', '2023-12-06T07:34:51.638Z', 'late'),
(47, '2023-12-07T00:24:56.000Z', '2023-12-07T06:47:56.986Z', 'present'),
(47, '2023-12-08T01:12:01.000Z', '2023-12-08T07:19:27.016Z', 'late'),
(47, '2023-12-09T01:06:59.000Z', '2023-12-09T02:40:26.686Z', 'late'),
(48, '2023-12-01T01:19:35.000Z', '2023-12-01T07:08:35.448Z', 'late'),
(48, '2023-12-02T00:51:20.000Z', '2023-12-02T10:37:22.231Z', 'present'),
(48, '2023-12-04T01:50:25.000Z', '2023-12-04T06:09:54.350Z', 'late'),
(48, '2023-12-05T01:34:02.000Z', '2023-12-05T01:48:08.685Z', 'late'),
(48, '2023-12-06T01:06:10.000Z', '2023-12-06T05:07:54.870Z', 'late'),
(48, '2023-12-07T01:18:06.000Z', '2023-12-07T05:19:08.209Z', 'late'),
(48, '2023-12-08T01:50:26.000Z', '2023-12-08T03:25:37.281Z', 'late'),
(48, '2023-12-09T01:00:17.000Z', '2023-12-09T06:23:55.183Z', 'late'),
(49, '2023-12-01T00:55:57.000Z', '2023-12-01T10:16:02.578Z', 'present'),
(49, '2023-12-02T01:26:22.000Z', '2023-12-02T02:13:29.097Z', 'late'),
(49, '2023-12-04T01:07:53.000Z', '2023-12-04T01:22:30.471Z', 'late'),
(49, '2023-12-05T00:39:31.000Z', '2023-12-05T07:28:33.843Z', 'present'),
(49, '2023-12-06T01:38:32.000Z', '2023-12-06T03:31:38.104Z', 'late'),
(49, '2023-12-07T00:25:40.000Z', '2023-12-07T08:00:10.592Z', 'present'),
(49, '2023-12-08T01:39:16.000Z', '2023-12-08T05:40:42.591Z', 'late'),
(49, '2023-12-09T01:02:01.000Z', '2023-12-09T09:20:26.754Z', 'late'),
(50, '2023-12-01T01:54:14.000Z', '2023-12-01T10:41:51.774Z', 'late'),
(50, '2023-12-02T01:13:14.000Z', '2023-12-02T08:45:54.742Z', 'late'),
(50, '2023-12-04T01:07:24.000Z', '2023-12-04T01:17:39.679Z', 'late'),
(50, '2023-12-05T00:10:06.000Z', '2023-12-05T07:46:21.083Z', 'present'),
(50, '2023-12-06T00:19:13.000Z', '2023-12-06T02:57:06.144Z', 'present'),
(50, '2023-12-07T00:44:50.000Z', '2023-12-07T03:26:11.668Z', 'present'),
(50, '2023-12-08T01:31:14.000Z', '2023-12-08T01:36:23.594Z', 'late'),
(50, '2023-12-09T01:01:15.000Z', '2023-12-09T08:30:12.761Z', 'late'),
(51, '2023-12-01T00:23:21.000Z', '2023-12-01T03:53:24.929Z', 'present'),
(51, '2023-12-02T01:51:29.000Z', '2023-12-02T02:00:57.892Z', 'late'),
(51, '2023-12-04T00:14:19.000Z', '2023-12-04T01:33:24.050Z', 'present'),
(51, '2023-12-05T00:14:38.000Z', '2023-12-05T05:27:46.605Z', 'present'),
(51, '2023-12-06T01:09:09.000Z', '2023-12-06T04:20:55.946Z', 'late'),
(51, '2023-12-07T01:38:18.000Z', '2023-12-07T01:40:47.944Z', 'late'),
(51, '2023-12-08T00:37:11.000Z', '2023-12-08T08:46:40.642Z', 'present'),
(51, '2023-12-09T00:21:19.000Z', NULL, 'pending'),
(52, '2023-12-01T01:37:48.000Z', '2023-12-01T07:44:34.984Z', 'late'),
(52, '2023-12-02T01:50:44.000Z', '2023-12-02T03:32:20.347Z', 'late'),
(52, '2023-12-04T00:04:26.000Z', '2023-12-04T01:48:14.731Z', 'present'),
(52, '2023-12-05T01:05:40.000Z', '2023-12-05T09:53:50.517Z', 'late'),
(52, '2023-12-06T01:09:49.000Z', '2023-12-06T06:00:05.757Z', 'late'),
(52, '2023-12-07T00:20:20.000Z', '2023-12-07T02:35:50.276Z', 'present'),
(52, '2023-12-08T01:04:41.000Z', '2023-12-08T04:42:43.316Z', 'late'),
(52, '2023-12-09T00:37:51.000Z', '2023-12-09T10:20:06.587Z', 'present'),
(53, '2023-12-01T00:34:14.000Z', '2023-12-01T04:11:46.515Z', 'present');
(53, '2023-12-02T00:04:50.000Z', '2023-12-02T02:22:07.579Z', 'late');
(53, '2023-12-04T01:58:46.000Z', '2023-12-04T08:45:35.418Z', 'late');
(53, '2023-12-05T00:39:13.000Z', '2023-12-05T04:30:25.370Z', 'present');
(53, '2023-12-06T00:20:37.000Z', NULL, 'pending');
(53, '2023-12-07T00:15:08.000Z', '2023-12-07T07:17:54.898Z', 'present');
(53, '2023-12-08T00:24:06.000Z', '2023-12-08T02:52:30.636Z', 'late');
(53, '2023-12-09T00:02:05.000Z', '2023-12-09T04:09:15.375Z', 'present');




